"","ID","Description","setSize","enrichmentScore","NES","pvalue","p.adjust","qvalue","rank","leading_edge","core_enrichment"
"GO:0002181","GO:0002181","cytoplasmic translation",70,-0.594846098783107,-3.03563112443937,1e-10,7.23386461254329e-08,5.8393228187653e-08,637,"tags=100%, list=43%, signal=59%","CNBP/RPS24/RPL27/RPL35/RACK1/RBM24/EIF3J/RPL22/RPS28/RPS25/CPEB4/RPL35A/RPS15A/RPL4/RPLP1/EIF3G/EIF3L/EIF3H/EIF3K/RPL38/RPS18/RPL41/RPS13/EIF4A2/RPL14/RPL10/RPL15/RPS14/HNRNPU/RPS9/RPL37A/RPL7A/RPL32/RPL7/EIF3E/RPL6/RPS3/RPL23A/RPL18A/RPS4X/RPS27/YBX1/RPL19/RPL27A/RPS6/RPL21/RPS27A/RPL8/RPL9/RPL29/RPL36A/RPS10/RPS19/RPL5/RPS3A/RPL10A/RPS2/RPS5/YBX3/RPS8/EIF4A1/RPL18/EIF5/SH3BGRL/PABPC1/RPS16/FAU/RPL3/RPS7"
"GO:0006412","GO:0006412","translation",112,-0.473369015119933,-2.61066862674544,1.04535615788198e-10,7.23386461254329e-08,5.8393228187653e-08,637,"tags=88%, list=43%, signal=54%","RPL26/PABPC4/CNBP/EEF1A1/RPS24/EEF2/RPL27/NOLC1/RPL35/RACK1/RBM24/EIF3J/RPL22/RPS28/RPS25/EIF1AX/CPEB4/RPL35A/RPS15A/RPL4/RPLP1/EIF3G/PA2G4/EIF3L/EIF3H/RPL36AL/EIF3K/RPL38/EIF1/RPS18/RPL41/RPS13/EIF4A2/RPL14/RPL10/RPL15/RPS14/HNRNPU/TOB1/EIF5A/ZFP36L1/RPS9/RPL37A/RPL7A/EIF4G2/RPL32/RBM8A/RPL7/EIF3E/RPL6/RPS3/RPL23A/RPL18A/RPS4X/RPS27/RPS4Y1/YBX1/DDX3X/RPL19/RPL27A/EIF1B/RPS6/RPL21/RPS27A/RPL8/RPL9/RPL29/RPL36A/RPS10/BTG2/EIF4A3/EEF1D/RPS19/ROCK2/RPL5/RPS3A/RPL10A/ATF4/MRPL32/RPS2/ROCK1/RPS5/YBX3/RPS8/EIF4A1/RPL18/NPM1/EIF5/SH3BGRL/PABPC1/NCK2/RPS16/FAU/PPP1R15A/NCL/RPL3/RPS7/GAPDH/IL6"
"GO:0034641","GO:0034641","cellular nitrogen compound metabolic process",486,-0.285621502481767,-1.89781950204778,1e-10,7.23386461254329e-08,5.8393228187653e-08,638,"tags=66%, list=43%, signal=55%","PAPSS1/RPL26/PABPC4/MAFA/SRSF5/LIMS1/TACC1/CNBP/UPP1/CBX4/GTF2B/EEF1A1/CD4/RPS24/BACH1/EEF2/TDO2/NABP1/RPL27/ILF2/HMGB1/VEGFA/NOLC1/RPL35/RACK1/RBBP6/HEY2/JUND/RBM24/TKT/NDUFS2/EIF3J/PICALM/NDUFS5/HGF/DNAJB4/RPL22/STRAP/RPS28/RPS25/EIF1AX/ELOC/CPEB4/CDKN1B/RPL35A/EGR3/RPS15A/RPL4/BAZ1A/RPLP1/PPP2CA/BRD4/EBF1/AMD1/EIF3G/PNP/HIF1A/PELI1/RBM39/HNRNPF/PA2G4/EIF3L/YWHAH/EIF3H/RPL36AL/KMT2E/PRMT1/NCOA7/SPEN/ASAH1/EIF3K/NSRP1/DNTTIP2/ASXL1/LIF/ELL2/VAPA/EPHA2/HEY1/ZNF141/ACTN1/RPL38/EIF1/PRPF38B/RPS18/RPL41/CDKN2D/SMARCD3/HNRNPM/TOP1/RPS13/WTIP/APEX1/EIF4A2/ARID4B/TRIM8/HNRNPK/KPNA2/HNRNPA2B1/SRSF7/MXI1/RPL14/NFE2L2/CCNH/RPL10/DEGS1/KDM6B/CCT3/EBF2/NOP53/RPL15/RPS14/HNRNPU/TOB1/SERBP1/HES5/PCBP1/EIF5A/ZFP36L1/RPS9/RPL37A/RPL7A/SNHG12/SLC25A25/GUCY1B1/GPBP1/CAVIN1/EIF4G2/RPL32/NMD3/ERF/RBM8A/RPL7/EIF3E/CD36/RPL6/HNRNPH1/RPS3/FUS/SNRPB/DDX5/TPI1/RHOQ/RPL23A/SFPQ/NASP/EFNA1/RPL18A/PTTG1/NOP56/RPS4X/RPS27/BCL6/HNRNPA3/RPS4Y1/YY1/HNRNPC/FHL5/YBX1/DDX3X/RPL19/TRIM28/DLX5/RPL27A/IRF2BP2/NAP1L1/EIF1B/CAMTA1/RPS6/IRF1/FHL2/RPL21/RPS27A/RPL8/LMO4/PDK4/EZR/RPL9/SPTSSA/RPL29/TGFB1I1/SLFN11/DDIT3/RPL36A/RPS10/GUCY1A1/PPIA/HIPK2/PNRC1/HNRNPAB/PPP1R10/MAFF/STAT3/KANK2/SLCO3A1/TSC22D1/BTG2/PTMS/SORBS3/SRSF3/RAN/SRSF2/NR4A1/EIF4A3/PAWR/SLC38A2/HNRNPH3/EEF1D/RPS19/PRKAR1A/ROCK2/RPL5/SERTAD1/CHD1/CKS2/RPS3A/RPL10A/NAMPT/BMP2/ATF4/SET/MRPL32/PFDN5/CXCL8/BRD2/PTEN/FOXC2/FOXC1/ETS1/ODC1/RBPMS/RPS2/ATP5F1B/LITAF/ROCK1/RPS5/YBX3/ADCY3/LDHB/ZFHX3/NUDT4/RPS8/TMSB4X/EIF4A1/RPL18/NPM1/EIF5/IFI16/SH3BGRL/DDX21/PARM1/PABPC1/FOSL2/PDE5A/NCK2/ATP5MC2/ARID5B/MYC/RPS16/EDNRB/ARID5A/ZEB2/ING1/FAU/CHCHD10/HNRNPA1/LDHA/PDGFRB/ZNF503/PPP1R15A/HEXIM1/RASL11A/LRRFIP1/ZNF703/NCL/PTP4A3/RPL3/NFIL3/HSPD1/TNFAIP3/RPS7/ACTN4/GAPDH/FLNA/OAZ2/NR4A3/UGCG/BTG1/CDKN1A/JAG1/TBX2/PDLIM1/PPP1R12A/CEBPD/GLA/ATF3/KLF9/FABP4/ZNF331/CCND1/NRARP/ADRA2A/GUCY1A2/MEF2C/DDIT4/CAV1/HOPX/CREM/HES4/TCIM/NOTCH3/LBH/PTMA/EPAS1/COL4A2/NR2F2/IL6/ADIRF/ID4"
"GO:0043043","GO:0043043","peptide biosynthetic process",115,-0.461125574217821,-2.58531840822964,6.38278191599004e-10,3.31266381439883e-07,2.67404968690951e-07,637,"tags=87%, list=43%, signal=53%","RPL26/PABPC4/CNBP/EEF1A1/RPS24/EEF2/RPL27/NOLC1/RPL35/RACK1/RBM24/EIF3J/RPL22/RPS28/RPS25/EIF1AX/CPEB4/RPL35A/RPS15A/RPL4/RPLP1/EIF3G/PA2G4/EIF3L/EIF3H/RPL36AL/EIF3K/RPL38/EIF1/RPS18/RPL41/RPS13/EIF4A2/RPL14/NFE2L2/RPL10/RPL15/RPS14/HNRNPU/TOB1/EIF5A/ZFP36L1/RPS9/RPL37A/RPL7A/EIF4G2/RPL32/RBM8A/RPL7/EIF3E/RPL6/RPS3/RPL23A/RPL18A/RPS4X/RPS27/RPS4Y1/YBX1/DDX3X/RPL19/RPL27A/EIF1B/RPS6/RPL21/RPS27A/RPL8/RPL9/RPL29/RPL36A/RPS10/BTG2/EIF4A3/EEF1D/RPS19/ROCK2/RPL5/RPS3A/RPL10A/ATF4/MRPL32/RPS2/ROCK1/RPS5/YBX3/RPS8/EIF4A1/RPL18/NPM1/EIF5/SH3BGRL/PABPC1/NCK2/RPS16/FAU/PPP1R15A/NCL/RPL3/RPS7/GAPDH/IL6"
"GO:0043604","GO:0043604","amide biosynthetic process",124,-0.437803557329851,-2.48153477447165,1.38867054742818e-09,5.76576011292182e-07,4.65423897159088e-07,637,"tags=85%, list=43%, signal=53%","RPL26/PABPC4/CNBP/EEF1A1/RPS24/EEF2/RPL27/NOLC1/RPL35/RACK1/RBM24/EIF3J/RPL22/RPS28/RPS25/EIF1AX/CPEB4/RPL35A/RPS15A/RPL4/RPLP1/EIF3G/PA2G4/EIF3L/EIF3H/RPL36AL/ASAH1/EIF3K/VAPA/RPL38/EIF1/RPS18/RPL41/RPS13/EIF4A2/RPL14/NFE2L2/RPL10/DEGS1/RPL15/RPS14/HNRNPU/TOB1/EIF5A/ZFP36L1/RPS9/RPL37A/RPL7A/EIF4G2/RPL32/RBM8A/RPL7/EIF3E/RPL6/RPS3/RPL23A/RPL18A/RPS4X/RPS27/RPS4Y1/YBX1/DDX3X/RPL19/RPL27A/EIF1B/RPS6/RPL21/RPS27A/RPL8/PDK4/RPL9/SPTSSA/RPL29/RPL36A/RPS10/BTG2/EIF4A3/EEF1D/RPS19/ROCK2/RPL5/RPS3A/RPL10A/ATF4/MRPL32/RPS2/ROCK1/RPS5/YBX3/RPS8/EIF4A1/RPL18/NPM1/EIF5/SH3BGRL/PABPC1/NCK2/RPS16/FAU/PPP1R15A/NCL/RPL3/RPS7/GAPDH/UGCG/IL6"
"GO:0030198","GO:0030198","extracellular matrix organization",98,0.537587036137369,2.43771852896339,8.42481917297526e-09,2.18624057538708e-06,1.76477791097061e-06,151,"tags=36%, list=10%, signal=34%","SFRP2/COL1A1/FBLN1/COL1A2/COL3A1/LUM/CCDC80/MMP2/CTSK/POSTN/DPT/COMP/MFAP4/CST3/LOX/ELN/LRP1/COL5A1/COL5A2/MMP23B/TNXB/AEBP1/PRDX4/ABI3BP/PDGFRA/COL15A1/COL12A1/EMILIN1/FBLN5/FAP/RGCC/FKBP10/EFEMP2/ANXA2/MMP14"
"GO:0043062","GO:0043062","extracellular structure organization",98,0.537587036137369,2.43771852896339,8.42481917297526e-09,2.18624057538708e-06,1.76477791097061e-06,151,"tags=36%, list=10%, signal=34%","SFRP2/COL1A1/FBLN1/COL1A2/COL3A1/LUM/CCDC80/MMP2/CTSK/POSTN/DPT/COMP/MFAP4/CST3/LOX/ELN/LRP1/COL5A1/COL5A2/MMP23B/TNXB/AEBP1/PRDX4/ABI3BP/PDGFRA/COL15A1/COL12A1/EMILIN1/FBLN5/FAP/RGCC/FKBP10/EFEMP2/ANXA2/MMP14"
"GO:0045229","GO:0045229","external encapsulating structure organization",98,0.537587036137369,2.43771852896339,8.42481917297526e-09,2.18624057538708e-06,1.76477791097061e-06,151,"tags=36%, list=10%, signal=34%","SFRP2/COL1A1/FBLN1/COL1A2/COL3A1/LUM/CCDC80/MMP2/CTSK/POSTN/DPT/COMP/MFAP4/CST3/LOX/ELN/LRP1/COL5A1/COL5A2/MMP23B/TNXB/AEBP1/PRDX4/ABI3BP/PDGFRA/COL15A1/COL12A1/EMILIN1/FBLN5/FAP/RGCC/FKBP10/EFEMP2/ANXA2/MMP14"
"GO:0001501","GO:0001501","skeletal system development",86,0.551305446330863,2.45972696313991,9.78190729562792e-09,2.25635994952484e-06,1.82137969761867e-06,157,"tags=34%, list=11%, signal=32%","SFRP2/COL1A1/COL1A2/COL3A1/MMP2/CTSK/COMP/EFEMP1/LOX/OGN/TIMP1/SFRP4/SFRP1/COL5A2/FBN1/MGP/GJA1/IGF1/ECM1/MDK/PDGFRA/PRELP/PPIB/VKORC1/CDH11/ANXA2/MMP14/FGFR1/OSR2"
"GO:0044271","GO:0044271","cellular nitrogen compound biosynthetic process",418,-0.268763628712425,-1.77638551183864,3.83630142254681e-08,7.96416175320718e-06,6.42883354178371e-06,638,"tags=67%, list=43%, signal=53%","PAPSS1/RPL26/PABPC4/MAFA/LIMS1/TACC1/CNBP/UPP1/CBX4/GTF2B/EEF1A1/CD4/RPS24/BACH1/EEF2/RPL27/ILF2/HMGB1/VEGFA/NOLC1/RPL35/RACK1/HEY2/JUND/RBM24/NDUFS2/EIF3J/PICALM/NDUFS5/HGF/DNAJB4/RPL22/STRAP/RPS28/RPS25/EIF1AX/ELOC/CPEB4/CDKN1B/RPL35A/EGR3/RPS15A/RPL4/BAZ1A/RPLP1/PPP2CA/BRD4/EBF1/AMD1/EIF3G/PNP/HIF1A/PELI1/PA2G4/EIF3L/YWHAH/EIF3H/RPL36AL/KMT2E/NCOA7/SPEN/ASAH1/EIF3K/ASXL1/LIF/ELL2/VAPA/HEY1/ZNF141/ACTN1/RPL38/EIF1/RPS18/RPL41/CDKN2D/SMARCD3/RPS13/WTIP/APEX1/EIF4A2/ARID4B/TRIM8/HNRNPK/HNRNPA2B1/MXI1/RPL14/NFE2L2/CCNH/RPL10/DEGS1/KDM6B/CCT3/EBF2/NOP53/RPL15/RPS14/HNRNPU/TOB1/HES5/PCBP1/EIF5A/ZFP36L1/RPS9/RPL37A/RPL7A/GUCY1B1/GPBP1/CAVIN1/EIF4G2/RPL32/NMD3/ERF/RBM8A/RPL7/EIF3E/CD36/RPL6/RPS3/FUS/DDX5/RHOQ/RPL23A/SFPQ/EFNA1/RPL18A/RPS4X/RPS27/BCL6/RPS4Y1/YY1/HNRNPC/FHL5/YBX1/DDX3X/RPL19/TRIM28/DLX5/RPL27A/IRF2BP2/EIF1B/CAMTA1/RPS6/IRF1/FHL2/RPL21/RPS27A/RPL8/LMO4/PDK4/EZR/RPL9/SPTSSA/RPL29/TGFB1I1/DDIT3/RPL36A/RPS10/GUCY1A1/PPIA/HIPK2/HNRNPAB/MAFF/STAT3/KANK2/SLCO3A1/TSC22D1/BTG2/PTMS/SORBS3/SRSF2/NR4A1/EIF4A3/PAWR/EEF1D/RPS19/PRKAR1A/ROCK2/RPL5/SERTAD1/CHD1/CKS2/RPS3A/RPL10A/NAMPT/BMP2/ATF4/SET/MRPL32/PFDN5/CXCL8/BRD2/PTEN/FOXC2/FOXC1/ETS1/ODC1/RBPMS/RPS2/ATP5F1B/LITAF/ROCK1/RPS5/YBX3/ADCY3/ZFHX3/RPS8/TMSB4X/EIF4A1/RPL18/NPM1/EIF5/IFI16/SH3BGRL/DDX21/PARM1/PABPC1/FOSL2/NCK2/ATP5MC2/ARID5B/MYC/RPS16/EDNRB/ARID5A/ZEB2/ING1/FAU/CHCHD10/HNRNPA1/PDGFRB/ZNF503/PPP1R15A/HEXIM1/RASL11A/LRRFIP1/ZNF703/NCL/PTP4A3/RPL3/NFIL3/TNFAIP3/RPS7/ACTN4/GAPDH/FLNA/OAZ2/NR4A3/UGCG/BTG1/CDKN1A/JAG1/TBX2/PDLIM1/PPP1R12A/CEBPD/GLA/ATF3/KLF9/FABP4/ZNF331/CCND1/NRARP/GUCY1A2/MEF2C/CAV1/HOPX/CREM/HES4/TCIM/NOTCH3/LBH/PTMA/EPAS1/COL4A2/NR2F2/IL6/ADIRF/ID4"
"GO:0030199","GO:0030199","collagen fibril organization",32,0.712789797018042,2.60034561821108,4.50246091917559e-08,8.49737169837138e-06,6.85925146729907e-06,283,"tags=75%, list=19%, signal=62%","SFRP2/COL1A1/COL1A2/COL3A1/LUM/DPT/COMP/LOX/COL5A1/COL5A2/TNXB/AEBP1/COL12A1/EMILIN1/FKBP10/EFEMP2/ANXA2/FMOD/COL11A1/CYP1B1/ADAMTS2/COL14A1/SERPINH1/LOXL1"
"GO:0007155","GO:0007155","cell adhesion",245,0.392559596025521,1.99078386581745,2.34023119027752e-07,4.04859995918012e-05,3.26811232887879e-05,167,"tags=24%, list=11%, signal=26%","APOD/SFRP2/COL1A1/FBLN1/COL3A1/CCDC80/MMP2/PLA2G2A/POSTN/DPT/COMP/S100A10/MFAP4/FBLN2/VCAN/THBS2/CXCL12/SPON2/COL5A1/FGL2/TNFAIP6/SFRP1/COL6A1/COL6A2/FBN1/COL6A3/KLF4/FN1/MXRA8/CD99/CERCAM/TNXB/ANXA1/IGF1/MDK/GPNMB/ABI3BP/ITGBL1/PDGFRA/DUSP1/COL15A1/COL12A1/ISLR/EMILIN1/OMD/FBLN5/FAP/RGCC/RND3/SERPINE2/CD63/EFEMP2/CDH11/ANXA2/P4HB/MMP14/THY1/THBS4/GAS6/S100A11"
"GO:0032963","GO:0032963","collagen metabolic process",34,0.65820797776943,2.43930841165242,1.53307258587289e-06,0.000244819899097855,0.00019762360783074,177,"tags=50%, list=12%, signal=45%","COL1A1/COL1A2/MMP2/CTSK/MFAP4/CST3/COL5A1/PCOLCE/MMP23B/MRC2/RCN3/TNXB/EMILIN1/FAP/RGCC/MMP14/CTSB"
"GO:0002376","GO:0002376","immune system process",254,0.366708441310991,1.86734379370823,3.54470693049632e-06,0.000525629399122168,0.000424298754387228,311,"tags=33%, list=21%, signal=32%","CXCL14/PTGDS/CFD/APOD/COL3A1/MMP2/CTSK/PLA2G2A/C3/GSN/CXCL12/PTN/LOX/C1R/LRP1/S100A13/CFH/SPON2/FGL2/C1S/CXCL1/TNFAIP6/SFRP1/FBN1/ITM2A/FN1/CD99/CLU/FCGRT/SLPI/ANXA1/IGF1/ECM1/MDK/GPNMB/NBL1/RARRES2/TMEM176B/DUSP1/APOE/PPIB/EMILIN1/RGCC/CD248/CTSH/MMP14/SEMA3C/THY1/THBS4/GAS6/PLD3/CD55/VEGFB/COLEC12/HMOX1/GRN/ZFP36L2/ZBTB20/LGALS3/SERPING1/PRNP/SVEP1/CD47/TNFSF10/CD34/CTSF/C7/ENPP2/LGALS1/TMEM98/IFI6/PDPN/LAMP1/PIK3R1/ACKR3/SLIT2/VIM/CTSD/CYBA/BDKRB1/CD9/MAFB/DDOST/CD81/KDELR1"
"GO:0007167","GO:0007167","enzyme-linked receptor protein signaling pathway",146,0.426350127314651,2.03773196558316,4.61033310230451e-06,0.000638070101358944,0.000515063178867984,230,"tags=30%, list=16%, signal=28%","DCN/APOD/SFRP2/COL1A1/COL1A2/COL3A1/MMP2/COMP/HTRA1/ASPN/EFEMP1/PTN/LOX/PDGFRL/LRP1/FSTL1/IGFBP6/TNFAIP6/SFRP4/SFRP1/FBN1/TNXB/IGF1/NBL1/RARRES2/ANGPTL1/PDGFRA/EMILIN1/LTBP4/HTRA3/CD63/FGFR1/GAS6/CILP/VEGFB/FMOD/DAB2/TXNIP/GPC3/HEXA/IGFBP3/LTBP1/CREB3L1/SVEP1"
"GO:0051241","GO:0051241","negative regulation of multicellular organismal process",165,0.41091657247106,1.98722995987058,6.4302285728994e-06,0.000834322157333698,0.000673481834740516,164,"tags=25%, list=11%, signal=25%","PTGDS/DCN/APOD/SFRP2/MMP2/CTSK/PLA2G2A/PI16/CST3/EFEMP1/THBS2/PTN/SERPINF1/FGL2/TIMP1/TNFAIP6/SPARC/SFRP1/FBN1/KLF4/FN1/GJA1/PRDX4/ANXA1/IGF1/ECM1/MDK/GPNMB/TMEM176B/PDGFRA/APOE/HSPG2/EMILIN1/FAP/RGCC/SERPINE2/ANXA2/SEMA3C/THY1/THBS4/C1QTNF3/GAS6"
"GO:0048870","GO:0048870","cell motility",245,0.365521242960341,1.85366451480575,7.99036594925876e-06,0.000975764688862423,0.000787657126391328,245,"tags=30%, list=17%, signal=30%","CXCL14/DCN/APOD/SFRP2/COL1A1/FBLN1/COL3A1/CTHRC1/MMP2/CXCL12/PTN/SERPINF1/LOX/LRP1/COL5A1/FSTL1/CXCL1/TIMP1/IGFBP6/TNFAIP6/SPARC/SFRP1/KLF4/FN1/CD99/TNXB/GJA1/ANXA1/PLTP/IGF1/ECM1/MDK/GPNMB/NBL1/PODN/RARRES2/ITGBL1/PDGFRA/DUSP1/APOE/PPIB/TWIST2/EMILIN1/FAP/RGCC/SERPINE2/CD63/CD248/CDH11/CTSH/MMP14/FGFR1/SEMA3C/THY1/THBS4/GAS6/S100A11/TMSB10/VEGFB/HMOX1/DAB2/F10/GRN/PTGS2/GPC3/APCDD1/IGFBP3/LGALS3/TSPO/LAMA2/CD47/CD34/ENPP2/LRRC15"
"GO:0001503","GO:0001503","ossification",89,0.481607132035432,2.14536284880194,9.97346513199683e-06,0.00115027297855697,0.000928523771353155,254,"tags=37%, list=17%, signal=33%","SFRP2/COL1A1/COL1A2/CTHRC1/MMP2/CTSK/COMP/VCAN/ASPN/PTN/LOX/TNFAIP6/SFRP1/COL6A1/COL5A2/MRC2/MGP/IGF1/ECM1/MDK/CLEC11A/TWIST2/CDH11/MMP14/OSR2/PTGS2/GPC3/IGFBP3/COL11A1/CREB3L1/RRBP1/ATRAID/CLEC3B"
"GO:0006396","GO:0006396","RNA processing",75,-0.416267056818713,-2.14070797116238,1.3813313425861e-05,0.00150928624589934,0.00121832659135572,637,"tags=84%, list=43%, signal=50%","RPL26/PABPC4/SRSF5/RPS24/RPL27/NOLC1/RPL35/RBBP6/RBM24/STRAP/RPS28/RPS25/RPL35A/PPP2CA/RBM39/HNRNPF/PA2G4/PRMT1/NSRP1/DNTTIP2/PRPF38B/HNRNPM/RPS13/HNRNPK/HNRNPA2B1/SRSF7/RPL14/NOP53/RPS14/HNRNPU/ZFP36L1/SNHG12/RBM8A/RPL7/HNRNPH1/FUS/SNRPB/DDX5/SFPQ/NOP56/RPS27/HNRNPA3/HNRNPC/YBX1/DDX3X/RPS6/STAT3/SRSF3/SRSF2/EIF4A3/SLC38A2/HNRNPH3/RPS19/RPL5/RBPMS/RPS8/DDX21/PABPC1/RPS16/HNRNPA1/NCL/RPS7/IL6"
"GO:0007178","GO:0007178","transmembrane receptor protein serine/threonine kinase signaling pathway",68,0.506299984746673,2.15008352824203,1.63900220456688e-05,0.00170128428834042,0.0013733113208792,219,"tags=35%, list=15%, signal=31%","SFRP2/COL1A2/COL3A1/COMP/HTRA1/ASPN/LOX/LRP1/FSTL1/TNFAIP6/SFRP4/SFRP1/FBN1/TNXB/NBL1/EMILIN1/LTBP4/HTRA3/CILP/FMOD/DAB2/GPC3/HEXA/LTBP1"
"GO:0051216","GO:0051216","cartilage development",38,0.597208748278579,2.27097193983727,2.02822266162705e-05,0.0020050429740656,0.00161851151744876,92,"tags=29%, list=6%, signal=28%","SFRP2/COL1A1/COL3A1/CTSK/COMP/EFEMP1/OGN/TIMP1/MGP/ECM1/MDK"
"GO:0022613","GO:0022613","ribonucleoprotein complex biogenesis",46,-0.502578412988185,-2.3311796889485,2.2193238581437e-05,0.00209423469523014,0.00169050889098793,637,"tags=93%, list=43%, signal=55%","RPL26/SRSF5/RPS24/RPL27/NOLC1/RPL35/EIF3J/STRAP/RPS28/RPS25/RPL35A/EIF3G/PA2G4/EIF3L/EIF3H/EIF3K/RPL38/RPL14/RPL10/NOP53/RPS14/RPS9/NMD3/RPL7/EIF3E/RPL6/SNRPB/RPL23A/NOP56/RPS27/DDX3X/RPS6/RAN/EIF4A3/RPS19/RPL5/RPS5/RPS8/NPM1/EIF5/DDX21/RPS16/RPS7"
"GO:0040013","GO:0040013","negative regulation of locomotion",63,0.509037397757392,2.14458334163294,3.05676447918222e-05,0.00267863623103848,0.00216224971088797,159,"tags=35%, list=11%, signal=33%","DCN/APOD/SFRP2/FBLN1/COL3A1/CXCL12/SERPINF1/LRP1/TIMP1/TNFAIP6/SFRP1/KLF4/GJA1/NBL1/PODN/DUSP1/APOE/EMILIN1/RGCC/CDH11/SEMA3C/THY1"
"GO:0006508","GO:0006508","proteolysis",203,0.373344512524482,1.84198790306851,3.09668928443755e-05,0.00267863623103848,0.00216224971088797,282,"tags=31%, list=19%, signal=29%","CFD/SFRP2/MMP2/CTSK/COMP/S100A10/PI16/HTRA1/GSN/CST3/SERPINF1/C1R/LRP1/CFH/PCOLCE/C1S/TIMP1/COL6A3/KLF4/MMP23B/CLU/RCN3/SLPI/AEBP1/ECM1/ARL6IP5/TIMP2/GAS1/APOE/FAP/SERPINE2/HTRA3/ANXA2/P4HB/CTSH/MMP14/GAS6/CPXM1/PRSS23/TTC3/CTSB/DAB2/F10/GRN/ADAM12/PTGS2/GPC3/CPQ/SERPING1/PRNP/TNFSF10/CORIN/SPON1/CTSF/CLEC3B/TMEM98/PRDX5/IFI6/ADAMTS2/MAN1A1/TMED10/CSTB/SERPINH1"
"GO:0085029","GO:0085029","extracellular matrix assembly",19,0.705900789528814,2.24441005969325,3.51069158983487e-05,0.0026993317557397,0.00217895555985073,164,"tags=63%, list=11%, signal=57%","COL1A2/COL3A1/MFAP4/LOX/ELN/TNXB/EMILIN1/FBLN5/RGCC/FKBP10/EFEMP2/GAS6"
"GO:0090288","GO:0090288","negative regulation of cellular response to growth factor stimulus",22,0.673221722615156,2.2259964724815,3.2847072743897e-05,0.0026993317557397,0.00217895555985073,137,"tags=41%, list=9%, signal=38%","DCN/SFRP2/HTRA1/TNFAIP6/SFRP1/FBN1/NBL1/EMILIN1/HTRA3"
"GO:0006139","GO:0006139","nucleobase-containing compound metabolic process",405,-0.233697102496941,-1.53111105845712,3.46646044863416e-05,0.0026993317557397,0.00217895555985073,638,"tags=64%, list=43%, signal=50%","PAPSS1/RPL26/PABPC4/MAFA/SRSF5/LIMS1/TACC1/CNBP/UPP1/CBX4/GTF2B/CD4/RPS24/BACH1/TDO2/NABP1/RPL27/ILF2/HMGB1/VEGFA/NOLC1/RPL35/RBBP6/HEY2/JUND/RBM24/TKT/NDUFS2/PICALM/NDUFS5/HGF/DNAJB4/STRAP/RPS28/RPS25/ELOC/CDKN1B/RPL35A/EGR3/BAZ1A/PPP2CA/BRD4/EBF1/PNP/HIF1A/PELI1/RBM39/HNRNPF/PA2G4/YWHAH/KMT2E/PRMT1/NCOA7/SPEN/NSRP1/DNTTIP2/ASXL1/LIF/ELL2/EPHA2/HEY1/ZNF141/ACTN1/PRPF38B/CDKN2D/SMARCD3/HNRNPM/TOP1/RPS13/WTIP/APEX1/EIF4A2/ARID4B/TRIM8/HNRNPK/KPNA2/HNRNPA2B1/SRSF7/MXI1/RPL14/NFE2L2/CCNH/RPL10/KDM6B/CCT3/EBF2/NOP53/RPS14/HNRNPU/TOB1/SERBP1/HES5/PCBP1/EIF5A/ZFP36L1/SNHG12/SLC25A25/GUCY1B1/GPBP1/CAVIN1/NMD3/ERF/RBM8A/RPL7/EIF3E/CD36/RPL6/HNRNPH1/RPS3/FUS/SNRPB/DDX5/TPI1/RHOQ/SFPQ/NASP/EFNA1/PTTG1/NOP56/RPS27/BCL6/HNRNPA3/YY1/HNRNPC/FHL5/YBX1/DDX3X/TRIM28/DLX5/IRF2BP2/NAP1L1/CAMTA1/RPS6/IRF1/FHL2/LMO4/PDK4/EZR/TGFB1I1/SLFN11/DDIT3/GUCY1A1/PPIA/HIPK2/PNRC1/HNRNPAB/PPP1R10/MAFF/STAT3/KANK2/SLCO3A1/TSC22D1/BTG2/PTMS/SORBS3/SRSF3/RAN/SRSF2/NR4A1/EIF4A3/PAWR/SLC38A2/HNRNPH3/RPS19/PRKAR1A/ROCK2/RPL5/SERTAD1/CHD1/CKS2/NAMPT/BMP2/ATF4/SET/PFDN5/CXCL8/BRD2/PTEN/FOXC2/FOXC1/ETS1/RBPMS/ATP5F1B/LITAF/ROCK1/YBX3/ADCY3/LDHB/ZFHX3/NUDT4/RPS8/TMSB4X/NPM1/IFI16/DDX21/PARM1/PABPC1/FOSL2/PDE5A/NCK2/ATP5MC2/ARID5B/MYC/RPS16/EDNRB/ARID5A/ZEB2/ING1/CHCHD10/HNRNPA1/LDHA/PDGFRB/ZNF503/HEXIM1/RASL11A/LRRFIP1/ZNF703/NCL/PTP4A3/NFIL3/HSPD1/TNFAIP3/RPS7/ACTN4/GAPDH/FLNA/NR4A3/BTG1/CDKN1A/JAG1/TBX2/PDLIM1/PPP1R12A/CEBPD/ATF3/KLF9/FABP4/ZNF331/CCND1/NRARP/ADRA2A/GUCY1A2/MEF2C/DDIT4/CAV1/HOPX/CREM/HES4/TCIM/NOTCH3/LBH/PTMA/EPAS1/COL4A2/NR2F2/IL6/ADIRF/ID4"
"GO:2000145","GO:2000145","regulation of cell motility",173,0.384973646713766,1.86989394495521,4.30375653572618e-05,0.00308089605798881,0.00248696203443778,198,"tags=29%, list=13%, signal=29%","DCN/APOD/SFRP2/COL1A1/FBLN1/COL3A1/MMP2/CXCL12/PTN/SERPINF1/LRP1/TIMP1/TNFAIP6/SPARC/SFRP1/KLF4/FN1/CD99/TNXB/GJA1/ANXA1/IGF1/ECM1/MDK/GPNMB/NBL1/PODN/RARRES2/PDGFRA/DUSP1/APOE/TWIST2/EMILIN1/RGCC/SERPINE2/CDH11/CTSH/MMP14/FGFR1/SEMA3C/THY1/THBS4/GAS6/S100A11/TMSB10/VEGFB/HMOX1/DAB2/F10/GRN/PTGS2"
"GO:0040011","GO:0040011","locomotion",212,0.3663882737798,1.828550218663,4.15569151729524e-05,0.00308089605798881,0.00248696203443778,198,"tags=26%, list=13%, signal=27%","CXCL14/DCN/APOD/SFRP2/COL1A1/FBLN1/COL3A1/MMP2/CXCL12/PTN/SERPINF1/LOX/LRP1/CXCL1/TIMP1/TNFAIP6/SPARC/SFRP1/KLF4/FN1/CD99/TNXB/GJA1/ANXA1/IGF1/ECM1/MDK/GPNMB/NBL1/PODN/RARRES2/PDGFRA/DUSP1/APOE/PPIB/TWIST2/EMILIN1/RGCC/SERPINE2/CDH11/CTSH/MMP14/FGFR1/SEMA3C/THY1/THBS4/GAS6/S100A11/TMSB10/VEGFB/LSP1/HMOX1/DAB2/F10/GRN/PTGS2"
"GO:0016477","GO:0016477","cell migration",237,0.360132003074562,1.8194282522279,4.70318319447643e-05,0.00325460277057769,0.00262718163003736,245,"tags=30%, list=17%, signal=30%","CXCL14/DCN/APOD/SFRP2/COL1A1/COL3A1/CTHRC1/MMP2/CXCL12/PTN/SERPINF1/LOX/LRP1/COL5A1/FSTL1/CXCL1/TIMP1/IGFBP6/TNFAIP6/SPARC/SFRP1/KLF4/FN1/CD99/TNXB/GJA1/ANXA1/IGF1/ECM1/MDK/GPNMB/NBL1/PODN/RARRES2/ITGBL1/PDGFRA/DUSP1/APOE/PPIB/TWIST2/EMILIN1/FAP/RGCC/SERPINE2/CD63/CD248/CDH11/CTSH/MMP14/FGFR1/SEMA3C/THY1/THBS4/GAS6/S100A11/TMSB10/VEGFB/HMOX1/DAB2/F10/GRN/PTGS2/GPC3/APCDD1/IGFBP3/LGALS3/TSPO/LAMA2/CD47/CD34/ENPP2/LRRC15"
"GO:0006936","GO:0006936","muscle contraction",52,-0.46089341972713,-2.20336868792701,5.22358667549107e-05,0.00342246810295572,0.00276268594458245,278,"tags=50%, list=19%, signal=42%","ROCK2/TPM4/MYL6/ROCK1/PLN/PDE5A/EDNRB/PPP1R12B/GJC1/CNN1/FLNA/CALM2/LMOD1/TBX2/KCNJ8/ABCC9/ADRA2A/SSTR2/CAV1/KCNE4/CALD1/TPM1/MYLK/MYH11/MYL9/TPM2"
"GO:0040012","GO:0040012","regulation of locomotion",177,0.379808367615099,1.84495920277979,5.27548069819764e-05,0.00342246810295572,0.00276268594458245,198,"tags=29%, list=13%, signal=28%","DCN/APOD/SFRP2/COL1A1/FBLN1/COL3A1/MMP2/CXCL12/PTN/SERPINF1/LRP1/TIMP1/TNFAIP6/SPARC/SFRP1/KLF4/FN1/CD99/TNXB/GJA1/ANXA1/IGF1/ECM1/MDK/GPNMB/NBL1/PODN/RARRES2/PDGFRA/DUSP1/APOE/TWIST2/EMILIN1/RGCC/SERPINE2/CDH11/CTSH/MMP14/FGFR1/SEMA3C/THY1/THBS4/GAS6/S100A11/TMSB10/VEGFB/HMOX1/DAB2/F10/GRN/PTGS2"
"GO:0009059","GO:0009059","macromolecule biosynthetic process",428,-0.229183428501919,-1.52031326583297,6.57378420239949e-05,0.00413550788005495,0.00333826617231898,637,"tags=63%, list=43%, signal=50%","RPL26/ATG101/PABPC4/MAFA/LIMS1/TACC1/CNBP/CBX4/GTF2B/EEF1A1/CD4/RPS24/BACH1/EEF2/RPL27/ILF2/HMGB1/VEGFA/NOLC1/RPL35/RACK1/HEY2/JUND/RBM24/EIF3J/PICALM/HGF/DNAJB4/RPL22/STRAP/RPS28/RPS25/EIF1AX/ELOC/CPEB4/CDKN1B/RPL35A/EGR3/RPS15A/RPL4/BAZ1A/RPLP1/PPP2CA/BRD4/EBF1/EIF3G/HIF1A/PELI1/PA2G4/EIF3L/YWHAH/EIF3H/RPL36AL/KMT2E/PRMT1/NCOA7/SPEN/EIF3K/ASXL1/LIF/ELL2/HEY1/ZNF141/ACTN1/RPL38/EIF1/RPS18/RPL41/TMEM165/CDKN2D/SMARCD3/RPS13/WTIP/APEX1/EIF4A2/ARID4B/TRIM8/HNRNPK/HNRNPA2B1/MXI1/RPL14/NFE2L2/CCNH/RPL10/KDM6B/CCT3/EBF2/NOP53/RPL15/RPS14/HNRNPU/TOB1/HES5/PCBP1/EIF5A/ZFP36L1/RPS9/RPL37A/RPL7A/GPBP1/CAVIN1/EIF4G2/RPL32/NMD3/ERF/RBM8A/RPL7/EIF3E/CD36/RPL6/RPS3/FUS/DDX5/RHOQ/RPL23A/SFPQ/EFNA1/RPL18A/RAMP1/PGAP1/RPS4X/RPS27/BCL6/RPS4Y1/YY1/HNRNPC/FHL5/YBX1/DDX3X/RPL19/TRIM28/DLX5/RPL27A/IRF2BP2/EIF1B/CAMTA1/RPS6/IRF1/FHL2/RPL21/RPS27A/RPL8/LMO4/SELENOK/EZR/RPL9/RPL29/TGFB1I1/DDIT3/RPL36A/RPS10/PPIA/HIPK2/HNRNPAB/MAFF/STAT3/KANK2/SLCO3A1/TSC22D1/BTG2/PTMS/SORBS3/SRSF2/NR4A1/EIF4A3/PAWR/EEF1D/RPS19/PRKAR1A/ROCK2/RPL5/SERTAD1/CHD1/CKS2/RPS3A/RPL10A/ANGPT1/NAMPT/BMP2/ATF4/SET/MRPL32/PFDN5/CXCL8/BRD2/PTEN/B3GNT2/FOXC2/FOXC1/ETS1/RBPMS/RPS2/LITAF/ROCK1/RPS5/YBX3/ZFHX3/RPS8/TMSB4X/EIF4A1/RPL18/NPM1/EIF5/IFI16/SH3BGRL/DDX21/PARM1/PABPC1/FOSL2/NCK2/ARID5B/MYC/RPS16/EDNRB/ARID5A/ZEB2/ING1/FAU/CHCHD10/HNRNPA1/PDGFRB/ZNF503/CCL21/PPP1R15A/HEXIM1/RASL11A/LRRFIP1/ZNF703/NCL/PTP4A3/CHSY1/RPL3/NFIL3/TNFAIP3/RPS7/ACTN4/GAPDH/FLNA/NR4A3/UGCG/BTG1/CDKN1A/JAG1/TBX2/PDLIM1/PPP1R12A/CEBPD/ATF3/KLF9/FABP4/ZNF331/CCND1/NRARP/MEF2C/CAV1/PHLDA1/HOPX/CREM/HES4/TCIM/NOTCH3/LBH/PTMA/EPAS1/COL4A2/NR2F2/IL6/ADIRF/ID4/CCL2"
"GO:0030334","GO:0030334","regulation of cell migration",169,0.377951767745353,1.83429867664199,7.60426430379415e-05,0.00464307432196372,0.00374798413982671,340,"tags=43%, list=23%, signal=38%","DCN/APOD/SFRP2/COL1A1/COL3A1/MMP2/CXCL12/PTN/SERPINF1/LRP1/TIMP1/TNFAIP6/SPARC/SFRP1/KLF4/FN1/CD99/TNXB/GJA1/ANXA1/IGF1/ECM1/MDK/GPNMB/NBL1/PODN/RARRES2/PDGFRA/DUSP1/APOE/TWIST2/EMILIN1/RGCC/SERPINE2/CDH11/CTSH/MMP14/FGFR1/SEMA3C/THY1/THBS4/GAS6/S100A11/TMSB10/VEGFB/HMOX1/DAB2/F10/GRN/PTGS2/IGFBP3/LGALS3/LAMA2/CD47/ENPP2/LRRC15/CYP1B1/PDPN/PIK3R1/ACKR3/SLIT2/DPYSL3/PLPP3/BDKRB1/CD9/CD81/RECK/LPAR1/APP/SNAI1/CD74/XG/F2R"
"GO:2000146","GO:2000146","negative regulation of cell motility",58,0.515701965990202,2.128630126613,8.24878496789525e-05,0.00489270788381444,0.0039494934342524,159,"tags=36%, list=11%, signal=34%","DCN/APOD/SFRP2/FBLN1/COL3A1/CXCL12/SERPINF1/LRP1/TIMP1/TNFAIP6/SFRP1/KLF4/GJA1/NBL1/PODN/DUSP1/APOE/EMILIN1/RGCC/CDH11/THY1"
"GO:0048589","GO:0048589","developmental growth",85,0.45228634801693,2.00842575090383,8.51799432694698e-05,0.00491204339520609,0.00396510145277766,118,"tags=22%, list=8%, signal=22%","APOD/SFRP2/COL3A1/COMP/PI16/CXCL12/PTN/CRABP2/TNFAIP6/SFRP1/FN1/PSAP/ANXA1/IGF1/ECM1/MDK/GAS1/APOE/PPIB"
"GO:0042254","GO:0042254","ribosome biogenesis",35,-0.531966569900245,-2.30267096337862,9.18542425385149e-05,0.00515376777053938,0.00416022629079134,637,"tags=94%, list=43%, signal=55%","RPL26/RPS24/RPL27/NOLC1/RPL35/RPS28/RPS25/RPL35A/PA2G4/RPL38/RPL14/RPL10/NOP53/RPS14/RPS9/NMD3/RPL7/RPL6/RPL23A/NOP56/RPS27/DDX3X/RPS6/RAN/EIF4A3/RPS19/RPL5/RPS5/RPS8/NPM1/DDX21/RPS16/RPS7"
"GO:0006413","GO:0006413","translational initiation",22,-0.604152249134948,-2.304457603143,0.000112211816433432,0.00579035710753234,0.00467409416651024,595,"tags=100%, list=41%, signal=60%","EIF1AX/EIF3G/EIF3L/EIF3H/EIF3K/EIF1/EIF4A2/EIF4G2/EIF3E/RPS3/DDX3X/EIF1B/RPS3A/ATF4/RPS5/EIF4A1/NPM1/EIF5/SH3BGRL/NCK2/PPP1R15A"
"GO:0022898","GO:0022898","regulation of transmembrane transporter activity",35,-0.525138436340147,-2.27311469843164,0.000131091899833343,0.00579035710753234,0.00467409416651024,237,"tags=43%, list=16%, signal=37%","ATP1B2/TMSB4X/PLN/HSPA2/ACTN4/STOM/CALM2/ABCC9/ADRA2A/ATP1B3/MEF2C/CAV1/KCNE4/RRAD/CCL2"
"GO:0032412","GO:0032412","regulation of monoatomic ion transmembrane transporter activity",35,-0.525138436340147,-2.27311469843164,0.000131091899833343,0.00579035710753234,0.00467409416651024,237,"tags=43%, list=16%, signal=37%","ATP1B2/TMSB4X/PLN/HSPA2/ACTN4/STOM/CALM2/ABCC9/ADRA2A/ATP1B3/MEF2C/CAV1/KCNE4/RRAD/CCL2"
"GO:0032409","GO:0032409","regulation of transporter activity",37,-0.503293030547947,-2.2130792615514,0.000130001039372224,0.00579035710753234,0.00467409416651024,237,"tags=41%, list=16%, signal=35%","ATP1B2/TMSB4X/PLN/HSPA2/ACTN4/STOM/CALM2/ABCC9/ADRA2A/ATP1B3/MEF2C/CAV1/KCNE4/RRAD/CCL2"
"GO:0030509","GO:0030509","BMP signaling pathway",27,0.623665463379591,2.19854214561772,0.0001299604883944,0.00579035710753234,0.00467409416651024,137,"tags=37%, list=9%, signal=34%","SFRP2/COMP/HTRA1/FSTL1/TNFAIP6/SFRP4/SFRP1/FBN1/NBL1/HTRA3"
"GO:0071772","GO:0071772","response to BMP",27,0.623665463379591,2.19854214561772,0.0001299604883944,0.00579035710753234,0.00467409416651024,137,"tags=37%, list=9%, signal=34%","SFRP2/COMP/HTRA1/FSTL1/TNFAIP6/SFRP4/SFRP1/FBN1/NBL1/HTRA3"
"GO:0071773","GO:0071773","cellular response to BMP stimulus",27,0.623665463379591,2.19854214561772,0.0001299604883944,0.00579035710753234,0.00467409416651024,137,"tags=37%, list=9%, signal=34%","SFRP2/COMP/HTRA1/FSTL1/TNFAIP6/SFRP4/SFRP1/FBN1/NBL1/HTRA3"
"GO:0008016","GO:0008016","regulation of heart contraction",31,-0.517395242827743,-2.1679548818213,0.000131034726350606,0.00579035710753234,0.00467409416651024,237,"tags=48%, list=16%, signal=41%","ATP1B2/PLN/PDE5A/EDNRB/GJC1/FLNA/CALM2/TBX2/ABCC9/CAV1/HOPX/AVPR1A/KCNE4/TPM1/EPAS1"
"GO:0030510","GO:0030510","regulation of BMP signaling pathway",22,0.652948656583435,2.15896391551395,0.000127346018596783,0.00579035710753234,0.00467409416651024,137,"tags=41%, list=9%, signal=38%","SFRP2/HTRA1/FSTL1/TNFAIP6/SFRP4/SFRP1/FBN1/NBL1/HTRA3"
"GO:0097435","GO:0097435","supramolecular fiber organization",142,0.401465729411514,1.90837512151431,0.000122707329961591,0.00579035710753234,0.00467409416651024,149,"tags=24%, list=10%, signal=24%","SFRP2/COL1A1/COL1A2/COL3A1/LUM/DPT/COMP/S100A10/MFAP4/MFAP5/GSN/CST3/CXCL12/LOX/ELN/COL5A1/TNFAIP6/SFRP1/COL5A2/CLU/TNXB/AEBP1/PDGFRA/APOE/COL12A1/ADD3/EMILIN1/FBLN5/RGCC/FKBP10/EFEMP2/MARCKS/ANXA2/STMN2"
"GO:0034470","GO:0034470","ncRNA processing",30,-0.549508499872357,-2.27446527638823,0.000143462052768996,0.00620473378225907,0.00500858745632108,637,"tags=97%, list=43%, signal=56%","RPL26/RPS24/RPL27/NOLC1/RPL35/RPS28/RPS25/RPL35A/PA2G4/HNRNPA2B1/RPL14/NOP53/RPS14/RPL7/DDX5/NOP56/RPS27/DDX3X/RPS6/STAT3/SRSF3/EIF4A3/RPS19/RPL5/RPS8/DDX21/RPS16/RPS7/IL6"
"GO:0060348","GO:0060348","bone development",44,0.546959622541458,2.14801260421001,0.000156164548640086,0.00661627761177181,0.00534079401578984,157,"tags=34%, list=11%, signal=31%","COL1A1/COL3A1/COMP/LOX/OGN/SFRP4/FBN1/GJA1/IGF1/ECM1/PPIB/VKORC1/ANXA2/MMP14/OSR2"
"GO:0002682","GO:0002682","regulation of immune system process",162,0.378492691415697,1.83259665292946,0.000170079892426267,0.00702362285642957,0.00566961139206768,248,"tags=31%, list=17%, signal=29%","CFD/APOD/COL3A1/PLA2G2A/C3/CXCL12/PTN/LOX/C1R/CFH/SPON2/FGL2/C1S/TNFAIP6/SFRP1/FBN1/FN1/CD99/CLU/ANXA1/IGF1/ECM1/MDK/GPNMB/NBL1/RARRES2/TMEM176B/DUSP1/APOE/EMILIN1/RGCC/CTSH/MMP14/THY1/THBS4/GAS6/CD55/VEGFB/COLEC12/HMOX1/GRN/ZFP36L2/ZBTB20/LGALS3/SERPING1/PRNP/SVEP1/CD47/C7/LGALS1"
"GO:0007166","GO:0007166","cell surface receptor signaling pathway",326,0.315812958856264,1.64893396243123,0.000172545648207085,0.00702362285642957,0.00566961139206768,239,"tags=24%, list=16%, signal=25%","DCN/APOD/SFRP2/COL1A1/COL1A2/COL3A1/CTHRC1/MMP2/POSTN/C3/COMP/HTRA1/ASPN/EFEMP1/CXCL12/PTN/LOX/PDGFRL/LRP1/FSTL1/CXCL1/TIMP1/IGFBP6/TNFAIP6/SFRP4/SFRP1/FBN1/KLF4/FN1/TNXB/ANXA1/IGF1/ECM1/MDK/LY6E/NBL1/RARRES2/ANGPTL1/ITGBL1/PDGFRA/GAS1/APOE/EMILIN1/IL11RA/LTBP4/SERPINE2/HTRA3/CD63/P4HB/MMP14/FGFR1/SEMA3C/THY1/GAS6/CILP/BICC1/CD55/VEGFB/FMOD/HMOX1/DAB2/COL16A1/TXNIP/GPC3/SRPX/HEXA/APCDD1/IGFBP3/LGALS3/LTBP1/CREB3L1/PRNP/SVEP1/LAMA2/CD47/TNFSF10/DKK2"
"GO:0071363","GO:0071363","cellular response to growth factor stimulus",120,0.402856684749293,1.88220760112262,0.000182425478907012,0.00728298642713378,0.00587897494777253,223,"tags=30%, list=15%, signal=28%","DCN/SFRP2/COL1A1/COL1A2/COL3A1/CTSK/COMP/HTRA1/ASPN/LOX/FSTL1/TNFAIP6/SFRP4/SFRP1/FBN1/KLF4/TNXB/ANXA1/NBL1/PDGFRA/GAS1/EMILIN1/LTBP4/HTRA3/CD63/STMN2/FGFR1/GAS6/CILP/VEGFB/FMOD/DAB2/GPC3/ZFP36L2/LTBP1/CREB3L1"
"GO:0031589","GO:0031589","cell-substrate adhesion",79,0.455692117849282,1.99089795874943,0.000210873169853794,0.00825986227578257,0.00666752902497001,196,"tags=30%, list=13%, signal=28%","APOD/COL1A1/FBLN1/COL3A1/CCDC80/S100A10/FBLN2/SFRP1/FN1/TNXB/MDK/ABI3BP/ITGBL1/EMILIN1/FBLN5/CD63/EFEMP2/CDH11/P4HB/MMP14/THY1/GAS6/DAB2/COL16A1"
"GO:0042127","GO:0042127","regulation of cell population proliferation",255,0.337236773672853,1.71995472368439,0.000225152205173493,0.00865585144333651,0.00698717954456532,229,"tags=26%, list=16%, signal=27%","PTGDS/APOD/SFRP2/FBLN1/CTHRC1/MMP2/PLA2G2A/DPT/COMP/HTRA1/CXCL12/PTN/SERPINF1/ELN/S100A13/OGN/CXCL1/TIMP1/IGFBP6/SFRP4/SPARC/SFRP1/KLF4/FN1/CLU/TNXB/GJA1/S100A6/PRDX4/ANXA1/IGF1/ECM1/MDK/GPNMB/PODN/CLEC11A/PDGFRA/DUSP1/APOE/EMILIN1/FAP/RGCC/IL11RA/SERPINE2/CD248/EFEMP2/CTSH/FGFR1/MYDGF/OSR2/THBS4/GAS6/S100A11/CD55/VEGFB/HMOX1/DAB2/GRN/PTGS2/TXNIP/GPC3/SRPX/IGFBP3/LGALS3/TSPO/JTB/PRNP"
"GO:0090287","GO:0090287","regulation of cellular response to growth factor stimulus",60,0.504462217093994,2.09831647133359,0.000232004373461448,0.00875711053283574,0.00706891794355263,223,"tags=37%, list=15%, signal=32%","DCN/SFRP2/HTRA1/ASPN/LOX/FSTL1/TNFAIP6/SFRP4/SFRP1/FBN1/TNXB/NBL1/EMILIN1/LTBP4/HTRA3/CD63/FGFR1/CILP/DAB2/GPC3/LTBP1/CREB3L1"
"GO:0030574","GO:0030574","collagen catabolic process",14,0.732415934232058,2.15583871481138,0.00024059453812444,0.00891918323475602,0.00719974632883662,177,"tags=57%, list=12%, signal=51%","MMP2/CTSK/CST3/MMP23B/MRC2/FAP/MMP14/CTSB"
"GO:0070848","GO:0070848","response to growth factor",127,0.393295337225712,1.84564758803455,0.000252651711148881,0.00920184126921189,0.00742791365002806,223,"tags=29%, list=15%, signal=27%","DCN/SFRP2/COL1A1/COL1A2/COL3A1/CTSK/COMP/HTRA1/ASPN/LOX/FSTL1/TNFAIP6/SFRP4/SFRP1/FBN1/KLF4/MXRA5/TNXB/ANXA1/NBL1/PDGFRA/GAS1/EMILIN1/LTBP4/HTRA3/CD63/STMN2/FGFR1/GAS6/CILP/VEGFB/FMOD/DAB2/GPC3/ZFP36L2/LTBP1/CREB3L1"
"GO:0046483","GO:0046483","heterocycle metabolic process",417,-0.222451110469426,-1.473199403921,0.000266309975789322,0.00953206051273504,0.0076944733476697,638,"tags=62%, list=43%, signal=49%","PAPSS1/RPL26/PABPC4/MAFA/SRSF5/LIMS1/TACC1/CNBP/UPP1/CBX4/GTF2B/CD4/RPS24/BACH1/TDO2/NABP1/RPL27/ILF2/HMGB1/VEGFA/NOLC1/RPL35/RBBP6/HEY2/JUND/RBM24/TKT/NDUFS2/PICALM/NDUFS5/HGF/DNAJB4/STRAP/RPS28/RPS25/ELOC/CDKN1B/RPL35A/EGR3/BAZ1A/PPP2CA/BRD4/SLC2A3/EBF1/PNP/HIF1A/PELI1/RBM39/HNRNPF/PA2G4/YWHAH/KMT2E/PRMT1/NCOA7/SPEN/NSRP1/DNTTIP2/ASXL1/LIF/ELL2/EPHA2/HEY1/ZNF141/ACTN1/PRPF38B/CDKN2D/SMARCD3/HNRNPM/TOP1/RPS13/WTIP/APEX1/EIF4A2/ARID4B/TRIM8/HNRNPK/KPNA2/HNRNPA2B1/SRSF7/MXI1/RPL14/NFE2L2/CCNH/RPL10/KDM6B/CCT3/EBF2/NOP53/RPS14/HNRNPU/TOB1/SERBP1/HES5/PCBP1/EIF5A/ZFP36L1/SNHG12/SLC25A25/GUCY1B1/GPBP1/CAVIN1/NMD3/ERF/RBM8A/RPL7/EIF3E/CD36/RPL6/HNRNPH1/RPS3/FUS/SNRPB/DDX5/TPI1/RHOQ/SFPQ/NASP/EFNA1/PTTG1/NOP56/RPS27/BCL6/HNRNPA3/YY1/HNRNPC/FHL5/YBX1/DDX3X/TRIM28/DLX5/IRF2BP2/NAP1L1/CAMTA1/RPS6/IRF1/FHL2/LMO4/PDK4/EZR/TGFB1I1/SLFN11/DDIT3/GUCY1A1/PPIA/HIPK2/PNRC1/HNRNPAB/PPP1R10/MAFF/STAT3/KANK2/SLCO3A1/TSC22D1/BTG2/PTMS/SORBS3/SRSF3/RAN/SRSF2/NR4A1/EIF4A3/PAWR/SLC38A2/HNRNPH3/RPS19/PRKAR1A/ROCK2/RPL5/SERTAD1/CHD1/CKS2/NAMPT/BMP2/ATF4/SET/PFDN5/CXCL8/BRD2/PTEN/FOXC2/FOXC1/ETS1/RBPMS/ATP5F1B/LITAF/ROCK1/YBX3/ADCY3/LDHB/ZFHX3/NUDT4/RPS8/TMSB4X/NPM1/IFI16/DDX21/PARM1/PABPC1/FOSL2/PDE5A/NCK2/ATP5MC2/ARID5B/MYC/RPS16/EDNRB/ARID5A/ZEB2/ING1/CHCHD10/HNRNPA1/LDHA/PDGFRB/ZNF503/HEXIM1/RASL11A/LRRFIP1/ZNF703/NCL/PTP4A3/NFIL3/HSPD1/TNFAIP3/RPS7/ACTN4/GAPDH/FLNA/NR4A3/BTG1/CDKN1A/JAG1/TBX2/PDLIM1/PPP1R12A/CEBPD/ATF3/KLF9/MTHFD2/FABP4/ZNF331/CCND1/NRARP/ADRA2A/GUCY1A2/MEF2C/DDIT4/CAV1/HOPX/CREM/HES4/TCIM/NOTCH3/LBH/PTMA/EPAS1/COL4A2/NR2F2/IL6/ADIRF/ID4"
"GO:2000026","GO:2000026","regulation of multicellular organismal development",196,0.354848336984833,1.74330737906798,0.000278339795397526,0.00979378669907227,0.00790574405482357,164,"tags=22%, list=11%, signal=22%","DCN/SFRP2/CTSK/C3/COMP/S100A10/PI16/ASPN/EFEMP1/THBS2/CXCL12/PTN/SERPINF1/LOX/CRABP2/FGL2/TNFAIP6/SFRP4/SPARC/SFRP1/FBN1/KLF4/FN1/MGP/ANXA1/IGF1/ECM1/MDK/GPNMB/TMEM176B/HSPG2/EMILIN1/RGCC/SERPINE2/ANXA2/CTSH/MMP14/MYDGF/OSR2/SEMA3C/THY1/THBS4/GAS6"
"GO:0035306","GO:0035306","positive regulation of dephosphorylation",12,-0.709280289071507,-2.21268104057905,0.000284384945875494,0.00983971912729208,0.00794282164620677,365,"tags=92%, list=25%, signal=69%","CAMTA1/PPIA/DLC1/BMP2/ROCK1/PDGFRB/ITGA1/PPP1R15A/CALM2/PPP1R12A/MEF2C"
"GO:0008283","GO:0008283","cell population proliferation",283,0.321701338781647,1.65717960763763,0.000298822567915585,0.010169764770373,0.00820924121003644,229,"tags=24%, list=16%, signal=25%","PTGDS/APOD/SFRP2/FBLN1/COL3A1/CTHRC1/MMP2/PLA2G2A/DPT/COMP/HTRA1/CXCL12/PTN/SERPINF1/ELN/S100A13/OGN/CXCL1/TIMP1/IGFBP6/SFRP4/SPARC/SFRP1/KLF4/FN1/CLU/TNXB/GJA1/S100A6/PRDX4/ANXA1/IGF1/ECM1/MDK/GPNMB/PODN/CLEC11A/PDGFRA/DUSP1/APOE/EMILIN1/FAP/RGCC/IL11RA/SERPINE2/CD248/EFEMP2/CTSH/MMP14/FGFR1/MYDGF/OSR2/THBS4/GAS6/S100A11/CD55/VEGFB/HMOX1/DAB2/GRN/PTGS2/TXNIP/GPC3/SRPX/IGFBP3/LGALS3/TSPO/JTB/PRNP"
"GO:0043200","GO:0043200","response to amino acid",19,0.65406777887333,2.07960711250146,0.000342401784287829,0.0114649371642183,0.0092547307400038,110,"tags=37%, list=7%, signal=35%","COL1A1/COL1A2/COL3A1/MMP2/COL6A1/COL5A2/PDGFRA"
"GO:0030514","GO:0030514","negative regulation of BMP signaling pathway",14,0.722288123736152,2.12602788609663,0.000365625778081643,0.0115005926560226,0.00928351257904266,137,"tags=50%, list=9%, signal=46%","SFRP2/HTRA1/TNFAIP6/SFRP1/FBN1/NBL1/HTRA3"
"GO:0007162","GO:0007162","negative regulation of cell adhesion",49,0.508758372348887,2.04598488525834,0.000365568442196299,0.0115005926560226,0.00928351257904266,151,"tags=31%, list=10%, signal=28%","APOD/COL1A1/FBLN1/MMP2/PLA2G2A/CXCL12/FGL2/KLF4/ANXA1/MDK/GPNMB/DUSP1/RGCC/SERPINE2/MMP14"
"GO:0030336","GO:0030336","negative regulation of cell migration",57,0.492935765205083,2.03267320711306,0.000357576771406271,0.0115005926560226,0.00928351257904266,159,"tags=35%, list=11%, signal=33%","DCN/APOD/SFRP2/COL3A1/CXCL12/SERPINF1/LRP1/TIMP1/TNFAIP6/SFRP1/KLF4/GJA1/NBL1/PODN/DUSP1/APOE/EMILIN1/RGCC/CDH11/THY1"
"GO:0010810","GO:0010810","regulation of cell-substrate adhesion",52,0.497935197774245,2.02310325997089,0.000365568442196299,0.0115005926560226,0.00928351257904266,196,"tags=33%, list=13%, signal=29%","APOD/COL1A1/FBLN1/CCDC80/S100A10/FBLN2/SFRP1/FN1/MDK/ABI3BP/EMILIN1/EFEMP2/P4HB/MMP14/THY1/DAB2/COL16A1"
"GO:0006956","GO:0006956","complement activation",15,0.698170458813331,2.08934819514343,0.00038392900364496,0.0117211266406903,0.00946153210221016,243,"tags=73%, list=17%, signal=62%","CFD/C3/C1R/CFH/C1S/CLU/RGCC/CD55/SERPING1/SVEP1/C7"
"GO:0071230","GO:0071230","cellular response to amino acid stimulus",18,0.662917765941816,2.0676544994225,0.000380743577496778,0.0117211266406903,0.00946153210221016,110,"tags=39%, list=7%, signal=36%","COL1A1/COL1A2/COL3A1/MMP2/COL6A1/COL5A2/PDGFRA"
"GO:0010466","GO:0010466","negative regulation of peptidase activity",47,0.499548508559291,1.98225575348162,0.000410207450394603,0.0123418937249159,0.00996262793330599,282,"tags=47%, list=19%, signal=39%","SFRP2/PI16/CST3/SERPINF1/LRP1/TIMP1/COL6A3/KLF4/SLPI/ECM1/TIMP2/SERPINE2/GAS6/CTSB/PTGS2/GPC3/SERPING1/PRDX5/IFI6/TMED10/CSTB/SERPINH1"
"GO:0002685","GO:0002685","regulation of leukocyte migration",47,0.497644863061603,1.97470190800771,0.000449586562387194,0.0133334529073688,0.0107630346965476,338,"tags=60%, list=23%, signal=47%","APOD/CXCL12/PTN/TNFAIP6/CD99/ANXA1/ECM1/MDK/NBL1/RARRES2/DUSP1/EMILIN1/MMP14/THY1/THBS4/GAS6/VEGFB/HMOX1/LGALS3/CD47/PIK3R1/SLIT2/BDKRB1/CD9/CD81/APP/CD74/XG"
"GO:0003012","GO:0003012","muscle system process",61,-0.400270097517426,-1.99191057681466,0.000459504057911039,0.0134356397777932,0.0108455220191901,212,"tags=46%, list=14%, signal=41%","ROCK2/TPM4/MYL6/ROCK1/PLN/PDE5A/EDNRB/PPP1R12B/GJC1/CNN1/SORBS2/FLNA/NR4A3/CALM2/LMOD1/TBX2/KCNJ8/ABCC9/ADRA2A/SSTR2/CAV1/KCNE4/CALD1/TPM1/MYLK/MYH11/MYL9/TPM2"
"GO:0051239","GO:0051239","regulation of multicellular organismal process",383,0.299363336583434,1.57712552038861,0.000477939940610948,0.013780601620949,0.0111239822434595,250,"tags=24%, list=17%, signal=27%","PTGDS/DCN/APOD/SFRP2/COL1A1/LUM/MMP2/CTSK/PLA2G2A/C3/COMP/S100A10/PI16/CST3/ASPN/EFEMP1/THBS2/CXCL12/PTN/SERPINF1/LOX/LRP1/S100A13/CRABP2/SPON2/FGL2/TIMP1/TNFAIP6/SFRP4/SPARC/SFRP1/FBN1/KLF4/FN1/CLU/TNXB/MGP/GJA1/PRDX4/ANXA1/IGF1/ECM1/MDK/GPNMB/DIO2/TMEM176B/PDGFRA/APOE/PPIB/HSPG2/EMILIN1/FAP/RGCC/MFAP2/SERPINE2/VKORC1/ANXA2/CTSH/MMP14/FGFR1/MYDGF/OSR2/SEMA3C/THY1/THBS4/C1QTNF3/GAS6/PLD3/CD55/VEGFB/CELF2/HMOX1/DAB2/GRN/ADAM12/PTGS2/ZFP36L2/ZBTB20/LGALS3/LTBP1/TSPO/SERPING1/CREB3L1/PRNP/LAMA2/CD47/CORIN/CD34/ENPP2/LGALS1/ATRAID/BASP1"
"GO:0006403","GO:0006403","RNA localization",19,-0.591436363240216,-2.12697576844959,0.00051971739213488,0.0146311447407731,0.0118105579694305,484,"tags=89%, list=33%, signal=61%","PEG10/HNRNPA2B1/SRSF7/CCT3/HNRNPU/ZFP36L1/RBM8A/HNRNPA3/YY1/YBX1/TOMM20/HNRNPAB/SRSF3/RAN/EIF4A3/NPM1/HNRNPA1"
"GO:0009719","GO:0009719","response to endogenous stimulus",259,0.325528817137269,1.65847338592179,0.000521534061087287,0.0146311447407731,0.0118105579694305,229,"tags=24%, list=16%, signal=25%","PTGDS/DCN/SFRP2/COL1A1/COL1A2/COL3A1/MMP2/CTSK/COMP/HTRA1/ASPN/CXCL12/SERPINF1/LOX/LRP1/FSTL1/TIMP1/TNFAIP6/SFRP4/SFRP1/COL6A1/COL5A2/FBN1/KLF4/MXRA5/TNXB/GJA1/ANXA1/IGF1/MDK/NBL1/TIMP2/RARRES2/PDGFRA/GAS1/APOE/TWIST2/EMILIN1/LTBP4/HTRA3/CD63/STMN2/CTSH/MMP14/FGFR1/GAS6/CILP/VEGFB/CTSB/FMOD/HMOX1/DAB2/COL16A1/PTGS2/PAM/TXNIP/GPC3/ZFP36L2/LTBP1/TSPO/CREB3L1/AKR1C1/PRNP"
"GO:0045934","GO:0045934","negative regulation of nucleobase-containing compound metabolic process",157,-0.283339978988422,-1.63240757625427,0.000534349931492355,0.0147908061037084,0.0119394398727836,493,"tags=54%, list=34%, signal=40%","RPS13/WTIP/APEX1/EIF4A2/ARID4B/HNRNPK/HNRNPA2B1/SRSF7/MXI1/RPL10/NOP53/RPS14/HNRNPU/TOB1/HES5/ERF/CD36/RPS3/FUS/DDX5/SFPQ/EFNA1/BCL6/YY1/HNRNPC/YBX1/TRIM28/IRF2BP2/IRF1/FHL2/LMO4/EZR/SLFN11/DDIT3/HIPK2/HNRNPAB/MAFF/STAT3/KANK2/BTG2/SORBS3/SRSF2/PAWR/BMP2/ATF4/SET/PFDN5/FOXC2/FOXC1/YBX3/ZFHX3/IFI16/PABPC1/NCK2/ARID5B/MYC/EDNRB/ARID5A/ZEB2/ING1/HNRNPA1/ZNF503/HEXIM1/LRRFIP1/ZNF703/NFIL3/FLNA/NR4A3/CDKN1A/TBX2/CEBPD/ATF3/FABP4/CCND1/NRARP/MEF2C/DDIT4/CAV1/HOPX/CREM/NOTCH3/LBH/NR2F2/IL6/ID4"
"GO:0010811","GO:0010811","positive regulation of cell-substrate adhesion",30,0.572226824559869,2.06632721620701,0.000571030320959832,0.015373341041873,0.012409673937056,196,"tags=43%, list=13%, signal=38%","CCDC80/S100A10/FBLN2/SFRP1/FN1/MDK/ABI3BP/EMILIN1/EFEMP2/P4HB/THY1/DAB2/COL16A1"
"GO:0002455","GO:0002455","humoral immune response mediated by circulating immunoglobulin",10,0.762909664772482,2.04692774940512,0.000565379027152244,0.015373341041873,0.012409673937056,309,"tags=90%, list=21%, signal=72%","C3/C1R/C1S/CLU/CD55/SERPING1/SVEP1/C7/CD81"
"GO:0000122","GO:0000122","negative regulation of transcription by RNA polymerase II",103,-0.330866555574383,-1.77114977014131,0.000577611079607944,0.015373341041873,0.012409673937056,487,"tags=56%, list=33%, signal=40%","ARID4B/HNRNPA2B1/MXI1/RPL10/NOP53/RPS14/HNRNPU/HES5/ERF/CD36/DDX5/SFPQ/EFNA1/BCL6/YY1/YBX1/TRIM28/IRF2BP2/FHL2/LMO4/EZR/DDIT3/HIPK2/MAFF/STAT3/KANK2/BTG2/SORBS3/PAWR/BMP2/ATF4/FOXC2/FOXC1/YBX3/ZFHX3/IFI16/NCK2/ARID5B/MYC/EDNRB/ARID5A/ZEB2/ING1/HEXIM1/LRRFIP1/NFIL3/NR4A3/TBX2/ATF3/CCND1/NRARP/MEF2C/CAV1/HOPX/CREM/NOTCH3/NR2F2/ID4"
"GO:0001101","GO:0001101","response to acid chemical",21,0.609559454823573,1.97947505795754,0.000626014283366656,0.0158488494179168,0.0127935139809976,110,"tags=33%, list=7%, signal=31%","COL1A1/COL1A2/COL3A1/MMP2/COL6A1/COL5A2/PDGFRA"
"GO:0009887","GO:0009887","animal organ morphogenesis",150,0.364955851263029,1.74957359108039,0.000614589410501817,0.0158488494179168,0.0127935139809976,159,"tags=21%, list=11%, signal=21%","DCN/SFRP2/COL1A1/COL1A2/COL3A1/CTHRC1/MMP2/COMP/HTRA1/MFAP5/ASPN/EFEMP1/PTN/ELN/COL5A1/SFRP4/SFRP1/COL5A2/FBN1/MGP/MDK/NBL1/TMEM176B/PDGFRA/MFAP2/EFEMP2/CTSH/MMP14/FGFR1/OSR2/SEMA3C/THY1"
"GO:0009653","GO:0009653","anatomical structure morphogenesis",363,0.295227595451551,1.54868561462872,0.000610196144732276,0.0158488494179168,0.0127935139809976,160,"tags=18%, list=11%, signal=21%","DCN/APOD/SFRP2/COL1A1/COL1A2/COL3A1/CTHRC1/MMP2/C3/COMP/HTRA1/MFAP5/CST3/ASPN/EFEMP1/THBS2/CXCL12/PTN/SERPINF1/LOX/ELN/LRP1/CRABP2/COL5A1/SFRP4/SPARC/SFRP1/COL6A1/COL5A2/FBN1/KLF4/FN1/CLU/MGP/GJA1/S100A6/ANXA1/ECM1/MDK/GPNMB/NBL1/TMEM176B/PDGFRA/DUSP1/APOE/HSPG2/COL12A1/EMILIN1/FAP/RGCC/MFAP2/SERPINE2/FKBP10/CD248/EFEMP2/CDH11/ANXA2/CTSH/MMP14/FGFR1/MYDGF/OSR2/SEMA3C/THY1/THBS4"
"GO:0048731","GO:0048731","system development",465,0.28495356164592,1.52192782430448,0.000620652342453212,0.0158488494179168,0.0127935139809976,160,"tags=17%, list=11%, signal=22%","DCN/APOD/SFRP2/COL1A1/COL1A2/COL3A1/CTHRC1/MMP2/CTSK/C3/COMP/S100A10/PI16/MFAP5/GSN/EFEMP1/THBS2/CXCL12/PTN/SERPINF1/LOX/ELN/LRP1/CRABP2/COL5A1/OGN/CXCL1/TIMP1/TNFAIP6/SFRP4/SPARC/SFRP1/SELENOP/COL5A2/FBN1/KLF4/FN1/MXRA8/CLU/RCN3/TNXB/PSAP/MGP/GJA1/S100A6/PRDX4/ANXA1/IGF1/ECM1/MDK/GPNMB/NBL1/RARRES2/PDGFRA/PRELP/APOE/PPIB/HSPG2/EMILIN1/FAP/RGCC/MFAP2/SERPINE2/FKBP10/VKORC1/CD248/EFEMP2/CDH11/MARCKS/ANXA2/STMN2/CTSH/MMP14/FGFR1/MYDGF/OSR2/SEMA3C/THY1/THBS4"
"GO:0090092","GO:0090092","regulation of transmembrane receptor protein serine/threonine kinase signaling pathway",51,0.49818099218771,2.01482595195122,0.000650239255740177,0.0161377676030209,0.0130267346232681,219,"tags=37%, list=15%, signal=33%","SFRP2/HTRA1/ASPN/LOX/LRP1/FSTL1/TNFAIP6/SFRP4/SFRP1/FBN1/TNXB/NBL1/EMILIN1/LTBP4/HTRA3/CILP/DAB2/GPC3/LTBP1"
"GO:0007049","GO:0007049","cell cycle",153,-0.287837855286543,-1.65806605627266,0.000652973255613563,0.0161377676030209,0.0130267346232681,403,"tags=44%, list=27%, signal=35%","NASP/PTTG1/BCL6/YY1/CSNK1A1/DDX3X/RPS6/IRF1/EDNRA/TRNP1/EZR/ITGB1/CDK2AP2/SLFN11/DDIT3/HIPK2/PPP1R10/STAT3/KANK2/BTG2/RAN/TUBB2B/NR4A1/CFL1/ROCK2/SERTAD1/CKS2/BMP2/PTEN/STMN1/FOXC1/TUBB4B/ROCK1/ZFHX3/NPM1/TUBA1B/MYC/ING1/PDGFRB/ZNF503/PPP1R15A/HEXIM1/HSPA2/ZNF703/TNFAIP3/MAP3K20/UBE2S/FLNA/CAV2/GADD45B/TUBA1C/CALM2/CCDC102B/BTG1/CDKN1A/TBX2/PPP1R12A/MYH9/RHOB/CCND1/SLC25A5/ADAMTS1/TCIM/EPS8/NR2F2/ID4/CCL2"
"GO:0048583","GO:0048583","regulation of response to stimulus",442,0.285490302237544,1.51965700014321,0.0006625732412607,0.016182377045379,0.0130627442735237,243,"tags=22%, list=17%, signal=26%","DCN/CFD/APOD/SFRP2/COL1A1/FBLN1/COL3A1/CTHRC1/CTSK/PLA2G2A/POSTN/C3/PI16/HTRA1/ASPN/CXCL12/PTN/SERPINF1/LOX/C1R/LRP1/S100A13/CFH/FSTL1/FGL2/C1S/TIMP1/IGFBP6/TNFAIP6/SFRP4/SFRP1/FBN1/KLF4/FN1/CLU/RCN3/TNXB/GJA1/ANXA1/IGF1/ECM1/MDK/LY6E/GPNMB/NBL1/ARL6IP5/RARRES2/PDGFRA/GAS1/DUSP1/APOE/EMILIN1/FBLN5/FAP/RGCC/LTBP4/SERPINE2/HTRA3/CD63/VKORC1/ANXA2/P4HB/CTSH/MMP14/FGFR1/MYDGF/SEMA3C/THY1/THBS4/C1QTNF3/GAS6/CILP/FRMD6/BICC1/CD55/VEGFB/COLEC12/HMOX1/DAB2/F10/GRN/PTGS2/GPC3/SRPX/APCDD1/IGFBP3/LGALS3/LTBP1/SERPING1/CREB3L1/PRNP/SVEP1/LAMA2/CD47/TNFSF10/DKK2/CD34/C7"
"GO:0006446","GO:0006446","regulation of translational initiation",14,-0.63799036476256,-2.09892843869122,0.000673473838082465,0.0162573452076651,0.0131232601007012,541,"tags=100%, list=37%, signal=64%","EIF3K/EIF1/EIF4A2/EIF4G2/EIF3E/DDX3X/EIF1B/ATF4/NPM1/EIF5/SH3BGRL/NCK2/PPP1R15A"
"GO:0061448","GO:0061448","connective tissue development",55,0.479360600736676,1.96534766436094,0.000702758355468323,0.0167692683442786,0.0135364948808901,92,"tags=24%, list=6%, signal=23%","SFRP2/COL1A1/COL3A1/CTSK/COMP/EFEMP1/LOX/COL5A1/OGN/TIMP1/MGP/ECM1/MDK"
"GO:0071604","GO:0071604","transforming growth factor beta production",10,0.755722280650284,2.0276436104242,0.000757682228842236,0.0178744125804146,0.0144285898124024,241,"tags=70%, list=16%, signal=59%","COL3A1/LUM/FN1/TNXB/PTGS2/LTBP1/CD34"
"GO:0006952","GO:0006952","defense response",179,0.351978815744648,1.7119699474672,0.000785047853092751,0.018311902730568,0.0147817407702384,125,"tags=18%, list=9%, signal=19%","CXCL14/CFD/APOD/PLA2G2A/C3/HTRA1/GSN/CST3/CXCL12/PTN/SERPINF1/C1R/LRP1/CFH/SPON2/FGL2/C1S/CXCL1/TIMP1/TNFAIP6/KLF4/FN1/CLU/SLPI/ANXA1/IGF1/ECM1/MDK/RARRES2/APOE/HSPG2/EMILIN1"
"GO:0051253","GO:0051253","negative regulation of RNA metabolic process",145,-0.290434262527565,-1.68562190632982,0.000800675792135218,0.0184689216052524,0.0149084896032663,493,"tags=55%, list=34%, signal=41%","RPS13/WTIP/APEX1/EIF4A2/ARID4B/HNRNPK/HNRNPA2B1/SRSF7/MXI1/RPL10/NOP53/RPS14/HNRNPU/TOB1/HES5/ERF/CD36/FUS/DDX5/SFPQ/EFNA1/BCL6/YY1/HNRNPC/YBX1/TRIM28/IRF2BP2/IRF1/FHL2/LMO4/EZR/DDIT3/HIPK2/HNRNPAB/MAFF/STAT3/KANK2/BTG2/SORBS3/SRSF2/PAWR/BMP2/ATF4/SET/PFDN5/FOXC2/FOXC1/YBX3/ZFHX3/IFI16/PABPC1/NCK2/ARID5B/MYC/EDNRB/ARID5A/ZEB2/ING1/ZNF503/HEXIM1/LRRFIP1/ZNF703/NFIL3/FLNA/NR4A3/TBX2/CEBPD/ATF3/FABP4/CCND1/NRARP/MEF2C/CAV1/HOPX/CREM/NOTCH3/LBH/NR2F2/IL6/ID4"
"GO:0050793","GO:0050793","regulation of developmental process",321,0.303394245724463,1.5828318328627,0.000809842392092344,0.0184750857800407,0.0149134654506768,164,"tags=18%, list=11%, signal=21%","DCN/SFRP2/COL1A1/CTHRC1/CTSK/PLA2G2A/C3/COMP/S100A10/PI16/CST3/ASPN/EFEMP1/THBS2/CXCL12/PTN/SERPINF1/LOX/CRABP2/COL5A1/FGL2/TNFAIP6/SFRP4/SPARC/SFRP1/COL5A2/FBN1/KLF4/FN1/TNXB/MGP/GJA1/ANXA1/IGF1/ECM1/MDK/GPNMB/NBL1/RARRES2/TMEM176B/PDGFRA/APOE/PPIB/HSPG2/TWIST2/EMILIN1/RGCC/SERPINE2/EFEMP2/ANXA2/CTSH/MMP14/FGFR1/MYDGF/OSR2/SEMA3C/THY1/THBS4/GAS6"
"GO:0002027","GO:0002027","regulation of heart rate",17,-0.606771571538785,-2.13153041805634,0.000865308067831352,0.0193159091270741,0.0155921951781269,212,"tags=47%, list=14%, signal=41%","PLN/EDNRB/CALM2/CAV1/AVPR1A/KCNE4/TPM1/EPAS1"
"GO:0090304","GO:0090304","nucleic acid metabolic process",371,-0.215108225778813,-1.4093022588628,0.000863120700478639,0.0193159091270741,0.0155921951781269,637,"tags=63%, list=43%, signal=48%","RPL26/PABPC4/MAFA/SRSF5/LIMS1/TACC1/CNBP/CBX4/GTF2B/CD4/RPS24/BACH1/NABP1/RPL27/ILF2/HMGB1/VEGFA/NOLC1/RPL35/RBBP6/HEY2/JUND/RBM24/PICALM/HGF/DNAJB4/STRAP/RPS28/RPS25/ELOC/CDKN1B/RPL35A/EGR3/BAZ1A/PPP2CA/BRD4/EBF1/HIF1A/PELI1/RBM39/HNRNPF/PA2G4/YWHAH/KMT2E/PRMT1/NCOA7/SPEN/NSRP1/DNTTIP2/ASXL1/LIF/ELL2/HEY1/ZNF141/ACTN1/PRPF38B/CDKN2D/SMARCD3/HNRNPM/TOP1/RPS13/WTIP/APEX1/EIF4A2/ARID4B/TRIM8/HNRNPK/KPNA2/HNRNPA2B1/SRSF7/MXI1/RPL14/NFE2L2/CCNH/RPL10/KDM6B/CCT3/EBF2/NOP53/RPS14/HNRNPU/TOB1/SERBP1/HES5/PCBP1/EIF5A/ZFP36L1/SNHG12/GPBP1/CAVIN1/NMD3/ERF/RBM8A/RPL7/EIF3E/CD36/RPL6/HNRNPH1/RPS3/FUS/SNRPB/DDX5/RHOQ/SFPQ/NASP/EFNA1/PTTG1/NOP56/RPS27/BCL6/HNRNPA3/YY1/HNRNPC/FHL5/YBX1/DDX3X/TRIM28/DLX5/IRF2BP2/NAP1L1/CAMTA1/RPS6/IRF1/FHL2/LMO4/EZR/TGFB1I1/SLFN11/DDIT3/PPIA/HIPK2/PNRC1/HNRNPAB/PPP1R10/MAFF/STAT3/KANK2/SLCO3A1/TSC22D1/BTG2/PTMS/SORBS3/SRSF3/RAN/SRSF2/NR4A1/EIF4A3/PAWR/SLC38A2/HNRNPH3/RPS19/PRKAR1A/ROCK2/RPL5/SERTAD1/CHD1/CKS2/NAMPT/BMP2/ATF4/SET/PFDN5/CXCL8/BRD2/PTEN/FOXC2/FOXC1/ETS1/RBPMS/LITAF/ROCK1/YBX3/ZFHX3/RPS8/TMSB4X/NPM1/IFI16/DDX21/PARM1/PABPC1/FOSL2/NCK2/ARID5B/MYC/RPS16/EDNRB/ARID5A/ZEB2/ING1/CHCHD10/HNRNPA1/PDGFRB/ZNF503/HEXIM1/RASL11A/LRRFIP1/ZNF703/NCL/PTP4A3/NFIL3/HSPD1/TNFAIP3/RPS7/ACTN4/FLNA/NR4A3/BTG1/CDKN1A/JAG1/TBX2/PDLIM1/PPP1R12A/CEBPD/ATF3/KLF9/FABP4/ZNF331/CCND1/NRARP/ADRA2A/MEF2C/CAV1/HOPX/CREM/HES4/TCIM/NOTCH3/LBH/PTMA/EPAS1/COL4A2/NR2F2/IL6/ADIRF/ID4"
"GO:0071229","GO:0071229","cellular response to acid chemical",20,0.617358920869054,1.9735045057984,0.000909413160562317,0.0200844863970997,0.0162126064010662,110,"tags=35%, list=7%, signal=33%","COL1A1/COL1A2/COL3A1/MMP2/COL6A1/COL5A2/PDGFRA"
"GO:0051093","GO:0051093","negative regulation of developmental process",135,0.369304804674675,1.7426994072883,0.000935394245676992,0.0202279005627649,0.0163283732359405,164,"tags=23%, list=11%, signal=22%","DCN/SFRP2/CTSK/PI16/CST3/ASPN/EFEMP1/THBS2/PTN/SERPINF1/COL5A1/FGL2/TNFAIP6/SPARC/SFRP1/COL5A2/FBN1/KLF4/ANXA1/IGF1/ECM1/MDK/TMEM176B/HSPG2/TWIST2/EMILIN1/RGCC/SEMA3C/THY1/THBS4/GAS6"
"GO:0006955","GO:0006955","immune response",156,0.352708448172675,1.70265127855034,0.000928894126845374,0.0202279005627649,0.0163283732359405,291,"tags=31%, list=20%, signal=28%","CXCL14/PTGDS/CFD/COL3A1/CTSK/C3/GSN/CXCL12/C1R/LRP1/S100A13/CFH/SPON2/FGL2/C1S/CXCL1/ITM2A/CLU/FCGRT/SLPI/ANXA1/ECM1/MDK/RARRES2/APOE/RGCC/CTSH/SEMA3C/THY1/CD55/COLEC12/HMOX1/GRN/LGALS3/SERPING1/PRNP/SVEP1/CD47/TNFSF10/C7/ENPP2/LGALS1/TMEM98/IFI6/LAMP1/PIK3R1/ACKR3/VIM"
"GO:0030178","GO:0030178","negative regulation of Wnt signaling pathway",30,0.55408748756939,2.00082555830028,0.00101187946983017,0.021656307003788,0.0174814120018409,269,"tags=47%, list=18%, signal=39%","SFRP2/CTHRC1/LRP1/IGFBP6/SFRP4/SFRP1/MDK/APOE/BICC1/DAB2/GPC3/APCDD1/DKK2/IGFBP4"
"GO:0006950","GO:0006950","response to stress",421,0.281222014585179,1.49220809194424,0.00104358657597468,0.022106997262484,0.0178452183560869,223,"tags=20%, list=15%, signal=24%","CXCL14/CFD/APOD/SFRP2/COL1A1/FBLN1/COL3A1/MMP2/CTSK/PLA2G2A/C3/COMP/S100A10/HTRA1/GSN/CST3/CXCL12/PTN/SERPINF1/LOX/C1R/LRP1/CFH/SPON2/COL5A1/FGL2/C1S/CXCL1/TIMP1/IGFBP6/TNFAIP6/SFRP1/SELENOP/KLF4/FN1/CLU/RCN3/SLPI/PRDX4/ANXA1/IGF1/ECM1/MDK/ARL6IP5/RARRES2/PDGFRA/DUSP1/PRELP/APOE/HSPG2/EMILIN1/FBLN5/FAP/RGCC/SERPINE2/FKBP10/VKORC1/MARCKS/ANXA2/P4HB/MMP14/THY1/THBS4/C1QTNF3/GAS6/PLD3/CD55/VEGFB/GPX8/COLEC12/LSP1/HMOX1/SCARA5/F10/GRN/PTGS2/PAM/TXNIP/ZFP36L2/SRPX/LGALS3/MGST1/TSPO/SERPING1/CREB3L1"
"GO:0009791","GO:0009791","post-embryonic development",11,0.714474645644573,1.99285649029514,0.00107461468415155,0.0225343442858447,0.0181901815754309,158,"tags=55%, list=11%, signal=49%","EFEMP1/SELENOP/FBN1/KLF4/MFAP2/SEMA3C"
"GO:0035567","GO:0035567","non-canonical Wnt signaling pathway",11,0.713937729726389,1.99135889149466,0.00110467335286888,0.0229039999215126,0.0184885751318569,202,"tags=55%, list=14%, signal=47%","SFRP2/CTHRC1/SFRP4/SFRP1/DAB2/GPC3"
"GO:0007369","GO:0007369","gastrulation",36,0.515995014330638,1.93588019337208,0.00111430828134527,0.0229039999215126,0.0184885751318569,214,"tags=39%, list=15%, signal=34%","SFRP2/MMP2/COL5A1/SFRP1/COL6A1/COL5A2/KLF4/FN1/GJA1/DUSP1/COL12A1/MMP14/GPC3/COL11A1"
"GO:0001704","GO:0001704","formation of primary germ layer",28,0.568781722118548,2.02123256468216,0.00113211207312083,0.0230418104294005,0.0185998185800657,151,"tags=39%, list=10%, signal=36%","SFRP2/MMP2/COL5A1/COL6A1/COL5A2/KLF4/FN1/GJA1/DUSP1/COL12A1/MMP14"
"GO:0001568","GO:0001568","blood vessel development",155,0.353517660762128,1.70469534350179,0.00114749523715772,0.02312815643048,0.0186695188304047,202,"tags=28%, list=14%, signal=27%","DCN/APOD/SFRP2/COL1A1/COL1A2/COL3A1/MMP2/C3/COMP/THBS2/SERPINF1/LOX/LRP1/COL5A1/SPARC/SFRP1/KLF4/FN1/ANXA1/ECM1/MDK/GPNMB/PDGFRA/APOE/HSPG2/EMILIN1/FAP/RGCC/FKBP10/EFEMP2/ANXA2/CTSH/MMP14/MYDGF/SEMA3C/THY1/THBS4/VEGFB/HMOX1/GRN/ADAM12/PTGS2/GPC3"
"GO:0016072","GO:0016072","rRNA metabolic process",27,-0.510246972228286,-2.06234617655385,0.00120628757788581,0.0236531267917518,0.0190932855960191,637,"tags=93%, list=43%, signal=53%","RPL26/RPS24/RPL27/NOLC1/RPL35/RPS28/RPS25/RPL35A/PA2G4/RPL14/NOP53/RPS14/CAVIN1/RPL7/NOP56/RPS27/RPS6/EIF4A3/RPS19/RPL5/RPS8/DDX21/RPS16/NCL/RPS7"
"GO:0048705","GO:0048705","skeletal system morphogenesis",34,0.542967452254348,2.0122288368882,0.00120025053852352,0.0236531267917518,0.0190932855960191,157,"tags=32%, list=11%, signal=30%","COL1A1/COL3A1/MMP2/COMP/SFRP4/SFRP1/MGP/PDGFRA/MMP14/FGFR1/OSR2"
"GO:0031214","GO:0031214","biomineral tissue development",35,0.537310446679187,2.00309208096654,0.00120772227356729,0.0236531267917518,0.0190932855960191,254,"tags=43%, list=17%, signal=36%","COL1A1/COL1A2/COMP/ASPN/PTN/LOX/MGP/IGF1/ECM1/OSR2/GAS6/PTGS2/GPC3/ATRAID/CLEC3B"
"GO:2000242","GO:2000242","negative regulation of reproductive process",13,0.704531305587611,2.02184132883177,0.00127548377418494,0.0246780107857099,0.0199205928257023,112,"tags=54%, list=8%, signal=50%","PTGDS/SERPINF1/TIMP1/GJA1/PRDX4/IGF1/DUSP1"
"GO:0045595","GO:0045595","regulation of cell differentiation",206,0.321634603448711,1.59440433122466,0.00128382715070167,0.0246780107857099,0.0199205928257023,164,"tags=19%, list=11%, signal=20%","SFRP2/COL1A1/CTHRC1/PLA2G2A/S100A10/PI16/EFEMP1/CXCL12/PTN/SERPINF1/LOX/CRABP2/COL5A1/FGL2/TNFAIP6/SFRP4/SFRP1/COL5A2/FBN1/KLF4/FN1/TNXB/GJA1/ANXA1/IGF1/MDK/NBL1/RARRES2/TMEM176B/PDGFRA/TWIST2/RGCC/SERPINE2/EFEMP2/ANXA2/MMP14/FGFR1/SEMA3C/THY1/GAS6"
"GO:0042476","GO:0042476","odontogenesis",21,0.588047006441514,1.90961582655539,0.00139065311372386,0.0264862005879883,0.0213802004543542,241,"tags=43%, list=16%, signal=36%","COL1A1/COL1A2/HTRA1/ASPN/PDGFRA/OSR2/PAM/APCDD1/CD34"
"GO:0006364","GO:0006364","rRNA processing",24,-0.53596685345197,-2.10609657046818,0.00146842541788657,0.0274635240318244,0.0221691158395013,637,"tags=96%, list=43%, signal=55%","RPL26/RPS24/RPL27/NOLC1/RPL35/RPS28/RPS25/RPL35A/PA2G4/RPL14/NOP53/RPS14/RPL7/NOP56/RPS27/RPS6/EIF4A3/RPS19/RPL5/RPS8/DDX21/RPS16/RPS7"
"GO:0002252","GO:0002252","immune effector process",73,0.422411019792011,1.81302116423011,0.00146462245724261,0.0274635240318244,0.0221691158395013,259,"tags=36%, list=18%, signal=31%","PTGDS/CFD/C3/C1R/LRP1/S100A13/CFH/SPON2/FGL2/C1S/ITM2A/CLU/ANXA1/MDK/RGCC/CTSH/CD55/HMOX1/GRN/LGALS3/SERPING1/SVEP1/CD47/C7/LGALS1/TMEM98"
"GO:0030155","GO:0030155","regulation of cell adhesion",137,0.361515809686009,1.70953710518071,0.0014886685608512,0.0275935351100632,0.0222740634292773,159,"tags=20%, list=11%, signal=20%","APOD/SFRP2/COL1A1/FBLN1/CCDC80/MMP2/PLA2G2A/S100A10/FBLN2/CXCL12/FGL2/SFRP1/KLF4/FN1/TNXB/ANXA1/IGF1/MDK/GPNMB/ABI3BP/DUSP1/EMILIN1/RGCC/SERPINE2/EFEMP2/P4HB/MMP14/THY1"
"GO:0035303","GO:0035303","regulation of dephosphorylation",15,-0.610410999652877,-2.06047153598562,0.00156221714271262,0.0287005556484194,0.0231676729501489,365,"tags=80%, list=25%, signal=61%","CAMTA1/PPIA/DLC1/ROCK2/BMP2/ROCK1/PDGFRB/ITGA1/PPP1R15A/CALM2/PPP1R12A/MEF2C"
"GO:0010558","GO:0010558","negative regulation of macromolecule biosynthetic process",161,-0.268613710866575,-1.55628277594082,0.00168995644138704,0.0307278172050579,0.0248041197598885,492,"tags=53%, list=34%, signal=40%","WTIP/APEX1/EIF4A2/ARID4B/HNRNPK/HNRNPA2B1/MXI1/RPL10/NOP53/RPS14/HNRNPU/TOB1/HES5/ZFP36L1/ERF/EIF3E/CD36/RPS3/DDX5/SFPQ/EFNA1/BCL6/YY1/HNRNPC/YBX1/DDX3X/TRIM28/IRF2BP2/IRF1/FHL2/LMO4/EZR/DDIT3/HIPK2/MAFF/STAT3/KANK2/BTG2/SORBS3/SRSF2/EIF4A3/PAWR/ROCK2/BMP2/ATF4/SET/PFDN5/FOXC2/FOXC1/ROCK1/YBX3/ZFHX3/IFI16/PABPC1/NCK2/ARID5B/MYC/EDNRB/ARID5A/ZEB2/ING1/HNRNPA1/ZNF503/HEXIM1/LRRFIP1/ZNF703/NCL/NFIL3/GAPDH/FLNA/NR4A3/CDKN1A/TBX2/CEBPD/ATF3/FABP4/CCND1/NRARP/MEF2C/CAV1/HOPX/CREM/NOTCH3/LBH/NR2F2/ID4"
"GO:0006725","GO:0006725","cellular aromatic compound metabolic process",425,-0.204401385148211,-1.35403823370588,0.00170216713804511,0.0307278172050579,0.0248041197598885,638,"tags=61%, list=43%, signal=49%","PAPSS1/RPL26/PABPC4/MAFA/SRSF5/LIMS1/TACC1/CNBP/UPP1/CBX4/GTF2B/CD4/RPS24/BACH1/TDO2/NABP1/RPL27/ILF2/HMGB1/VEGFA/NOLC1/RPL35/RBBP6/HEY2/JUND/RBM24/TKT/NDUFS2/PICALM/NDUFS5/HGF/DNAJB4/STRAP/RPS28/RPS25/ELOC/CDKN1B/RPL35A/EGR3/BAZ1A/PPP2CA/BRD4/EBF1/PNP/HIF1A/PELI1/RBM39/HNRNPF/PA2G4/YWHAH/KMT2E/PRMT1/NCOA7/SPEN/NSRP1/DNTTIP2/ASXL1/LIF/ELL2/EPHA2/HEY1/ZNF141/ACTN1/PRPF38B/CDKN2D/SMARCD3/HNRNPM/TOP1/RPS13/WTIP/APEX1/EIF4A2/ARID4B/TRIM8/HNRNPK/KPNA2/HNRNPA2B1/SRSF7/MXI1/RPL14/NFE2L2/CCNH/RPL10/KDM6B/CCT3/EBF2/NOP53/RPS14/HNRNPU/TOB1/SERBP1/HES5/PCBP1/EIF5A/ZFP36L1/SNHG12/SLC25A25/GUCY1B1/GPBP1/CAVIN1/NMD3/ERF/RBM8A/RPL7/EIF3E/CD36/RPL6/HNRNPH1/RPS3/FUS/SNRPB/DDX5/TPI1/RHOQ/SFPQ/NASP/EFNA1/PTTG1/NOP56/RPS27/BCL6/HNRNPA3/YY1/HNRNPC/FHL5/YBX1/DDX3X/TRIM28/DLX5/IRF2BP2/NAP1L1/CAMTA1/RPS6/IRF1/FHL2/LMO4/EDNRA/PDK4/EZR/TGFB1I1/SLFN11/DDIT3/GUCY1A1/PPIA/HIPK2/PNRC1/HNRNPAB/PPP1R10/MAFF/STAT3/KANK2/SLCO3A1/TSC22D1/BTG2/PTMS/SORBS3/SRSF3/RAN/SRSF2/NR4A1/EIF4A3/PAWR/SLC38A2/HNRNPH3/RPS19/PRKAR1A/ROCK2/RPL5/SERTAD1/CHD1/CKS2/NAMPT/BMP2/ATF4/SET/PFDN5/CXCL8/BRD2/PTEN/FOXC2/FOXC1/ETS1/RBPMS/ATP5F1B/LITAF/ROCK1/YBX3/ADCY3/LDHB/ZFHX3/NUDT4/RPS8/TMSB4X/NPM1/IFI16/DDX21/PARM1/PABPC1/FOSL2/PDE5A/NCK2/ATP5MC2/ARID5B/MYC/RPS16/EDNRB/ARID5A/ZEB2/ING1/CHCHD10/HNRNPA1/LDHA/PDGFRB/ZNF503/HEXIM1/RASL11A/LRRFIP1/ZNF703/NCL/PTP4A3/NFIL3/HSPD1/TNFAIP3/RPS7/ACTN4/GAPDH/FLNA/NR4A3/BTG1/CDKN1A/JAG1/TBX2/PDLIM1/PPP1R12A/CEBPD/ATF3/KLF9/MTHFD2/FABP4/ZNF331/CCND1/NRARP/ADRA2A/GUCY1A2/MEF2C/DDIT4/CAV1/HOPX/CREM/HES4/TCIM/NOTCH3/LBH/PTMA/EPAS1/COL4A2/NR2F2/IL6/ADIRF/ID4"
"GO:0006937","GO:0006937","regulation of muscle contraction",23,-0.529750659442796,-2.05470148877495,0.00172530574552327,0.0307328052657619,0.024808146224061,212,"tags=57%, list=14%, signal=49%","ATP1A1/GUCY1A1/NR4A1/PLN/PDE5A/PPP1R12B/CNN1/CALM2/ADRA2A/SSTR2/CAV1/TPM1/MYL9"
"GO:0045807","GO:0045807","positive regulation of endocytosis",19,0.603912450594547,1.92013835285996,0.00173205116382184,0.0307328052657619,0.024808146224061,202,"tags=47%, list=14%, signal=41%","C3/LRP1/SFRP4/CLU/APOE/CD63/ANXA2/DAB2/GPC3"
"GO:0002683","GO:0002683","negative regulation of immune system process",64,0.44511443058448,1.87405009790094,0.0017482340719598,0.0307570672321062,0.0248277309773416,236,"tags=39%, list=16%, signal=34%","APOD/COL3A1/PLA2G2A/CXCL12/FGL2/TNFAIP6/SFRP1/FBN1/FN1/ANXA1/MDK/GPNMB/NBL1/TMEM176B/DUSP1/EMILIN1/THY1/CD55/HMOX1/GRN/LGALS3/SERPING1/PRNP/SVEP1/CD47"
"GO:0045861","GO:0045861","negative regulation of proteolysis",61,0.449510553064848,1.87608095737369,0.00183496374076091,0.0320116363514255,0.0258404447173053,282,"tags=41%, list=19%, signal=35%","SFRP2/PI16/CST3/SERPINF1/LRP1/TIMP1/COL6A3/KLF4/SLPI/ECM1/TIMP2/GAS1/SERPINE2/GAS6/CTSB/PTGS2/GPC3/SERPING1/PRNP/TMEM98/PRDX5/IFI6/TMED10/CSTB/SERPINH1"
"GO:0070613","GO:0070613","regulation of protein processing",15,0.65213758957883,1.95159001440366,0.00195015581471507,0.033458871664037,0.027008682531765,259,"tags=67%, list=18%, signal=55%","S100A10/GSN/GAS1/SERPINE2/ANXA2/MMP14/PRNP/SPON1/CLEC3B/TMEM98"
"GO:1903317","GO:1903317","regulation of protein maturation",15,0.65213758957883,1.95159001440366,0.00195015581471507,0.033458871664037,0.027008682531765,259,"tags=67%, list=18%, signal=55%","S100A10/GSN/GAS1/SERPINE2/ANXA2/MMP14/PRNP/SPON1/CLEC3B/TMEM98"
"GO:0031327","GO:0031327","negative regulation of cellular biosynthetic process",173,-0.255008565221228,-1.50733392459842,0.00198140049459557,0.0337162903834459,0.0272164761639012,492,"tags=51%, list=34%, signal=39%","WTIP/APEX1/EIF4A2/ARID4B/HNRNPK/HNRNPA2B1/MXI1/RPL10/NOP53/RPS14/HNRNPU/TOB1/HES5/ZFP36L1/ERF/EIF3E/CD36/RPS3/DDX5/SFPQ/EFNA1/BCL6/YY1/HNRNPC/YBX1/DDX3X/TRIM28/IRF2BP2/IRF1/FHL2/LMO4/EZR/ATP1A1/DDIT3/HIPK2/MAFF/STAT3/KANK2/BTG2/SORBS3/SRSF2/EIF4A3/PAWR/ROCK2/BMP2/ATF4/SET/PFDN5/FOXC2/FOXC1/ROCK1/YBX3/ZFHX3/IFI16/PABPC1/NCK2/ARID5B/MYC/EDNRB/ARID5A/ZEB2/ING1/HNRNPA1/ZNF503/HEXIM1/LRRFIP1/ZNF703/NCL/NFIL3/GAPDH/FLNA/NR4A3/CDKN1A/TBX2/CEBPD/GLA/ATF3/FABP4/CCND1/NRARP/MEF2C/CAV1/HOPX/CREM/NOTCH3/LBH/NR2F2/PDGFA/ID4"
"GO:0051094","GO:0051094","positive regulation of developmental process",181,0.330662042966178,1.60888568985515,0.00203153466178517,0.0342883411208619,0.027678247167839,250,"tags=27%, list=17%, signal=25%","DCN/SFRP2/COL1A1/CTHRC1/PLA2G2A/C3/THBS2/CXCL12/PTN/SERPINF1/CRABP2/SFRP4/SFRP1/KLF4/FN1/TNXB/GJA1/ANXA1/IGF1/ECM1/MDK/NBL1/RARRES2/APOE/PPIB/EMILIN1/RGCC/SERPINE2/EFEMP2/CTSH/MMP14/FGFR1/MYDGF/OSR2/GAS6/VEGFB/HMOX1/DAB2/GRN/ADAM12/PTGS2/IGFBP3/TSPO/LAMA2/CD34/ENPP2/ATRAID/BASP1"
"GO:0040007","GO:0040007","growth",131,0.362601478850138,1.70419740740026,0.00216576566866297,0.0362591090979381,0.0292690912097746,158,"tags=21%, list=11%, signal=20%","APOD/SFRP2/COL3A1/COMP/PI16/MEG3/CXCL12/PTN/CRABP2/TNFAIP6/SFRP1/SELENOP/FN1/PSAP/GJA1/ANXA1/IGF1/ECM1/MDK/GAS1/APOE/PPIB/FBLN5/LTBP4/SERPINE2/MMP14/SEMA3C"
"GO:0034660","GO:0034660","ncRNA metabolic process",43,-0.417968655418474,-1.90136066530236,0.00228434328473367,0.0379383732728567,0.0306246274467031,637,"tags=86%, list=43%, signal=50%","RPL26/RPS24/RPL27/NOLC1/RPL35/RPS28/RPS25/RPL35A/HIF1A/PA2G4/ELL2/HNRNPA2B1/RPL14/NOP53/RPS14/CAVIN1/RPL7/DDX5/NOP56/RPS27/YY1/DDX3X/RPS6/STAT3/SRSF3/EIF4A3/RPS19/RPL5/BMP2/ETS1/RPS8/DDX21/MYC/RPS16/NCL/RPS7/IL6"
"GO:0052547","GO:0052547","regulation of peptidase activity",83,0.402191409184648,1.7833856636151,0.00230943018967089,0.0380506116964823,0.0307152285877699,340,"tags=41%, list=23%, signal=33%","SFRP2/CTSK/PI16/GSN/CST3/SERPINF1/LRP1/TIMP1/COL6A3/KLF4/RCN3/SLPI/ECM1/ARL6IP5/TIMP2/SERPINE2/CTSH/GAS6/CTSB/GRN/PTGS2/GPC3/SERPING1/TNFSF10/PRDX5/IFI6/TMED10/CSTB/SERPINH1/CTSD/RECK/APP/PERP/F2R"
"GO:0030162","GO:0030162","regulation of proteolysis",123,0.368597523795007,1.72782729575333,0.00237648685353586,0.0382448582010887,0.0308720283217388,282,"tags=33%, list=19%, signal=29%","SFRP2/CTSK/S100A10/PI16/GSN/CST3/SERPINF1/LRP1/TIMP1/COL6A3/KLF4/CLU/RCN3/SLPI/ECM1/ARL6IP5/TIMP2/GAS1/APOE/SERPINE2/ANXA2/CTSH/MMP14/GAS6/CTSB/DAB2/GRN/PTGS2/GPC3/SERPING1/PRNP/TNFSF10/SPON1/CLEC3B/TMEM98/PRDX5/IFI6/TMED10/CSTB/SERPINH1"
"GO:0001944","GO:0001944","vasculature development",159,0.347042128240427,1.67705170094888,0.0023757773000018,0.0382448582010887,0.0308720283217388,202,"tags=27%, list=14%, signal=26%","DCN/APOD/SFRP2/COL1A1/COL1A2/COL3A1/MMP2/C3/COMP/THBS2/SERPINF1/LOX/LRP1/COL5A1/SPARC/SFRP1/KLF4/FN1/ANXA1/ECM1/MDK/GPNMB/PDGFRA/APOE/HSPG2/EMILIN1/FAP/RGCC/FKBP10/EFEMP2/ANXA2/CTSH/MMP14/MYDGF/SEMA3C/THY1/THBS4/VEGFB/HMOX1/GRN/ADAM12/PTGS2/GPC3"
"GO:0071495","GO:0071495","cellular response to endogenous stimulus",210,0.319577792917993,1.59203132588853,0.00236804967057376,0.0382448582010887,0.0308720283217388,229,"tags=24%, list=16%, signal=23%","DCN/SFRP2/COL1A1/COL1A2/COL3A1/MMP2/CTSK/COMP/HTRA1/ASPN/SERPINF1/LOX/LRP1/FSTL1/TNFAIP6/SFRP4/SFRP1/COL6A1/COL5A2/FBN1/KLF4/TNXB/GJA1/ANXA1/IGF1/NBL1/RARRES2/PDGFRA/GAS1/EMILIN1/LTBP4/HTRA3/CD63/STMN2/CTSH/FGFR1/GAS6/CILP/VEGFB/CTSB/FMOD/DAB2/COL16A1/PTGS2/GPC3/ZFP36L2/LTBP1/CREB3L1/AKR1C1/PRNP"
"GO:0010921","GO:0010921","regulation of phosphatase activity",12,-0.643556511696883,-2.00764819481586,0.00239861547771183,0.038304044090229,0.0309198043766578,278,"tags=75%, list=19%, signal=61%","ROCK2/BMP2/ROCK1/PDGFRB/ITGA1/PPP1R15A/CALM2/PPP1R12A/MEF2C"
"GO:0006417","GO:0006417","regulation of translation",54,-0.380278317604907,-1.83922693826415,0.00242319948635557,0.0383975403293885,0.0309952764447756,637,"tags=81%, list=43%, signal=48%","RPL26/CNBP/EEF2/NOLC1/RACK1/RBM24/CPEB4/PA2G4/EIF3H/EIF3K/RPL38/EIF1/EIF4A2/RPL10/RPS14/HNRNPU/TOB1/EIF5A/ZFP36L1/RPS9/EIF4G2/RBM8A/EIF3E/RPS3/RPS4X/YBX1/DDX3X/EIF1B/BTG2/EIF4A3/ROCK2/RPL5/ATF4/ROCK1/YBX3/NPM1/EIF5/SH3BGRL/PABPC1/NCK2/PPP1R15A/NCL/GAPDH/IL6"
"GO:0048514","GO:0048514","blood vessel morphogenesis",137,0.351930036511704,1.66420787065138,0.00247374538799104,0.0383975403293885,0.0309952764447756,198,"tags=28%, list=13%, signal=26%","DCN/APOD/SFRP2/COL3A1/MMP2/C3/COMP/THBS2/SERPINF1/LOX/LRP1/SPARC/SFRP1/KLF4/FN1/ANXA1/ECM1/MDK/GPNMB/PDGFRA/APOE/HSPG2/EMILIN1/FAP/RGCC/FKBP10/EFEMP2/ANXA2/CTSH/MMP14/MYDGF/THY1/THBS4/VEGFB/HMOX1/GRN/ADAM12/PTGS2"
"GO:1902679","GO:1902679","negative regulation of RNA biosynthetic process",136,-0.271395134151154,-1.5615285270845,0.00247845395189695,0.0383975403293885,0.0309952764447756,492,"tags=54%, list=34%, signal=39%","WTIP/APEX1/EIF4A2/ARID4B/HNRNPK/HNRNPA2B1/MXI1/RPL10/NOP53/RPS14/HNRNPU/TOB1/HES5/ERF/CD36/DDX5/SFPQ/EFNA1/BCL6/YY1/YBX1/TRIM28/IRF2BP2/IRF1/FHL2/LMO4/EZR/DDIT3/HIPK2/MAFF/STAT3/KANK2/BTG2/SORBS3/SRSF2/PAWR/BMP2/ATF4/SET/PFDN5/FOXC2/FOXC1/YBX3/ZFHX3/IFI16/NCK2/ARID5B/MYC/EDNRB/ARID5A/ZEB2/ING1/ZNF503/HEXIM1/LRRFIP1/ZNF703/NFIL3/FLNA/NR4A3/TBX2/CEBPD/ATF3/FABP4/CCND1/NRARP/MEF2C/CAV1/HOPX/CREM/NOTCH3/LBH/NR2F2/ID4"
"GO:1903507","GO:1903507","negative regulation of nucleic acid-templated transcription",136,-0.271395134151154,-1.5615285270845,0.00247845395189695,0.0383975403293885,0.0309952764447756,492,"tags=54%, list=34%, signal=39%","WTIP/APEX1/EIF4A2/ARID4B/HNRNPK/HNRNPA2B1/MXI1/RPL10/NOP53/RPS14/HNRNPU/TOB1/HES5/ERF/CD36/DDX5/SFPQ/EFNA1/BCL6/YY1/YBX1/TRIM28/IRF2BP2/IRF1/FHL2/LMO4/EZR/DDIT3/HIPK2/MAFF/STAT3/KANK2/BTG2/SORBS3/SRSF2/PAWR/BMP2/ATF4/SET/PFDN5/FOXC2/FOXC1/YBX3/ZFHX3/IFI16/NCK2/ARID5B/MYC/EDNRB/ARID5A/ZEB2/ING1/ZNF503/HEXIM1/LRRFIP1/ZNF703/NFIL3/FLNA/NR4A3/TBX2/CEBPD/ATF3/FABP4/CCND1/NRARP/MEF2C/CAV1/HOPX/CREM/NOTCH3/LBH/NR2F2/ID4"
"GO:0001738","GO:0001738","morphogenesis of a polarized epithelium",11,0.693681326838852,1.93485849052095,0.00261294964696675,0.0401813590155775,0.03243521121225,202,"tags=45%, list=14%, signal=39%","SFRP2/CTHRC1/SFRP1/DAB2/GPC3"
"GO:0001736","GO:0001736","establishment of planar polarity",10,0.71659207626406,1.92265516304106,0.00278107659914944,0.0412834113004456,0.0333248102577373,202,"tags=50%, list=14%, signal=43%","SFRP2/CTHRC1/SFRP1/DAB2/GPC3"
"GO:0007164","GO:0007164","establishment of tissue polarity",10,0.71659207626406,1.92265516304106,0.00278107659914944,0.0412834113004456,0.0333248102577373,202,"tags=50%, list=14%, signal=43%","SFRP2/CTHRC1/SFRP1/DAB2/GPC3"
"GO:0060326","GO:0060326","cell chemotaxis",51,0.467107170162491,1.88915206229159,0.00273256375795002,0.0412834113004456,0.0333248102577373,175,"tags=35%, list=12%, signal=32%","CXCL14/MMP2/CXCL12/PTN/LOX/CXCL1/TNFAIP6/ANXA1/MDK/NBL1/RARRES2/PDGFRA/DUSP1/PPIB/FGFR1/THBS4/GAS6/VEGFB"
"GO:0045765","GO:0045765","regulation of angiogenesis",65,0.427553722234338,1.80421033796087,0.00278404507806473,0.0412834113004456,0.0333248102577373,197,"tags=32%, list=13%, signal=29%","DCN/SFRP2/C3/THBS2/SERPINF1/SPARC/SFRP1/KLF4/ECM1/MDK/GPNMB/HSPG2/EMILIN1/RGCC/CTSH/MYDGF/THBS4/VEGFB/HMOX1/GRN/ADAM12"
"GO:0048513","GO:0048513","animal organ development",374,0.280734138463422,1.47307408629137,0.00278170624031297,0.0412834113004456,0.0333248102577373,159,"tags=17%, list=11%, signal=20%","DCN/APOD/SFRP2/COL1A1/COL1A2/COL3A1/CTHRC1/MMP2/CTSK/COMP/PI16/HTRA1/MFAP5/ASPN/EFEMP1/CXCL12/PTN/SERPINF1/LOX/ELN/COL5A1/OGN/TIMP1/TNFAIP6/SFRP4/SFRP1/SELENOP/COL5A2/FBN1/COL6A3/KLF4/FN1/RCN3/TNXB/PSAP/MGP/GJA1/PRDX4/ANXA1/IGF1/ECM1/MDK/NBL1/RARRES2/TMEM176B/PDGFRA/PPIB/HSPG2/EMILIN1/RGCC/MFAP2/SERPINE2/VKORC1/CD248/EFEMP2/CDH11/ANXA2/CTSH/MMP14/FGFR1/OSR2/SEMA3C/THY1"
"GO:0009611","GO:0009611","response to wounding",105,0.374405282455108,1.71499168555794,0.00283604249078085,0.0417562000770287,0.0337064549856149,222,"tags=30%, list=15%, signal=28%","APOD/COL1A1/FBLN1/COL3A1/MMP2/COMP/S100A10/PTN/LOX/COL5A1/TIMP1/KLF4/FN1/ANXA1/IGF1/MDK/PDGFRA/APOE/EMILIN1/FAP/SERPINE2/FKBP10/VKORC1/ANXA2/THY1/GAS6/HMOX1/F10/GRN/ZFP36L2/TSPO/SERPING1"
"GO:0034765","GO:0034765","regulation of monoatomic ion transmembrane transport",45,-0.417935332750792,-1.92837244307282,0.00288622547622781,0.0421958034411897,0.0340613117728293,237,"tags=36%, list=16%, signal=31%","ATP1B2/TMSB4X/PLN/HSPA2/ACTN4/FLNA/STOM/CALM2/KCNJ8/ABCC9/ADRA2A/ATP1B3/CAV1/KCNE4/RRAD/CCL2"
"GO:0006959","GO:0006959","humoral immune response",33,0.523165164713426,1.91804632283915,0.00292385545106911,0.0424470203945418,0.0342640992131176,130,"tags=36%, list=9%, signal=34%","CXCL14/CFD/C3/C1R/CFH/SPON2/C1S/CXCL1/CLU/SLPI/RARRES2/RGCC"
"GO:2000241","GO:2000241","regulation of reproductive process",22,0.580455950421004,1.91926798358328,0.0029499923560453,0.0425290564663198,0.0343303204007612,112,"tags=36%, list=8%, signal=34%","PTGDS/SERPINF1/TIMP1/SFRP1/GJA1/PRDX4/IGF1/DUSP1"
"GO:0048598","GO:0048598","embryonic morphogenesis",90,0.395544048989731,1.76470018995246,0.00298515603817954,0.0427391995535222,0.0344999521799044,157,"tags=22%, list=11%, signal=21%","SFRP2/CTHRC1/MMP2/MFAP5/EFEMP1/CRABP2/COL5A1/SFRP1/COL6A1/COL5A2/FBN1/KLF4/FN1/GJA1/PDGFRA/DUSP1/COL12A1/MFAP2/MMP14/OSR2"
"GO:1901342","GO:1901342","regulation of vasculature development",66,0.422751611594832,1.79145125776988,0.00301863700731058,0.0429225371724436,0.0346479460392101,197,"tags=32%, list=13%, signal=29%","DCN/SFRP2/C3/THBS2/SERPINF1/SPARC/SFRP1/KLF4/ECM1/MDK/GPNMB/HSPG2/EMILIN1/RGCC/CTSH/MYDGF/THBS4/VEGFB/HMOX1/GRN/ADAM12"
"GO:0006518","GO:0006518","peptide metabolic process",145,-0.273888859591873,-1.58959572334871,0.00309479962329301,0.0437061497820155,0.0352804940943965,637,"tags=73%, list=43%, signal=46%","RPL26/PABPC4/CNBP/EEF1A1/RPS24/EEF2/RPL27/NOLC1/RPL35/RACK1/RBM24/EIF3J/PICALM/ECE1/RPL22/RPS28/RPS25/EIF1AX/CPEB4/RPL35A/RPS15A/RPL4/RPLP1/EIF3G/PA2G4/EIF3L/EIF3H/RPL36AL/EIF3K/RPL38/EIF1/RPS18/RPL41/RPS13/EIF4A2/RPL14/NFE2L2/RPL10/RPL15/RPS14/HNRNPU/TOB1/EIF5A/ZFP36L1/RPS9/RPL37A/RPL7A/EIF4G2/RPL32/RBM8A/RPL7/EIF3E/RPL6/RPS3/RPL23A/EFNA1/RPL18A/RPS4X/RPS27/RPS4Y1/YBX1/DDX3X/RPL19/RPL27A/EIF1B/RPS6/RPL21/RPS27A/RPL8/RPL9/RPL29/RPL36A/RPS10/BTG2/EIF4A3/EEF1D/RPS19/ROCK2/RPL5/RPS3A/RPL10A/ATF4/MRPL32/RPS2/ROCK1/RPS5/YBX3/RPS8/EIF4A1/RPL18/NPM1/EIF5/SH3BGRL/ENPEP/PABPC1/NCK2/RPS16/FAU/PPP1R15A/NCL/CPM/RPL3/RPS7/GAPDH/CPE/IL6"
"GO:0051346","GO:0051346","negative regulation of hydrolase activity",58,0.446152428035628,1.84155493290522,0.00312568087281805,0.0438440100808802,0.0353917777348957,282,"tags=41%, list=19%, signal=35%","SFRP2/PI16/CST3/SERPINF1/LRP1/TIMP1/COL6A3/KLF4/SLPI/ANXA1/ECM1/TIMP2/SERPINE2/GAS6/CTSB/PTGS2/GPC3/LGALS3/SERPING1/PRDX5/IFI6/TMED10/CSTB/SERPINH1"
"GO:0032413","GO:0032413","negative regulation of ion transmembrane transporter activity",11,-0.659697898513481,-1.95266588962672,0.00317295583487803,0.0442084316322603,0.0356859462319026,212,"tags=55%, list=14%, signal=47%","PLN/CALM2/ADRA2A/CAV1/KCNE4/RRAD"
"GO:0045892","GO:0045892","negative regulation of DNA-templated transcription",135,-0.269174736051035,-1.54849221960005,0.00320666029171534,0.0443801784373402,0.0358245837502513,492,"tags=53%, list=34%, signal=39%","WTIP/APEX1/ARID4B/HNRNPK/HNRNPA2B1/MXI1/RPL10/NOP53/RPS14/HNRNPU/TOB1/HES5/ERF/CD36/DDX5/SFPQ/EFNA1/BCL6/YY1/YBX1/TRIM28/IRF2BP2/IRF1/FHL2/LMO4/EZR/DDIT3/HIPK2/MAFF/STAT3/KANK2/BTG2/SORBS3/SRSF2/PAWR/BMP2/ATF4/SET/PFDN5/FOXC2/FOXC1/YBX3/ZFHX3/IFI16/NCK2/ARID5B/MYC/EDNRB/ARID5A/ZEB2/ING1/ZNF503/HEXIM1/LRRFIP1/ZNF703/NFIL3/FLNA/NR4A3/TBX2/CEBPD/ATF3/FABP4/CCND1/NRARP/MEF2C/CAV1/HOPX/CREM/NOTCH3/LBH/NR2F2/ID4"
"GO:0060047","GO:0060047","heart contraction",35,-0.444276053086353,-1.92309371500214,0.00324661397366182,0.0446355669491519,0.0360307385574738,237,"tags=46%, list=16%, signal=39%","ATP1B2/PLN/PDE5A/EDNRB/GJC1/FLNA/CALM2/TBX2/KCNJ8/ABCC9/CAV1/HOPX/AVPR1A/KCNE4/TPM1/EPAS1"
"GO:0030282","GO:0030282","bone mineralization",28,0.536682035836462,1.90716256435273,0.00339490837767469,0.0463673012635043,0.0374286297594051,254,"tags=46%, list=17%, signal=39%","COL1A2/COMP/ASPN/PTN/LOX/MGP/IGF1/ECM1/OSR2/PTGS2/GPC3/ATRAID/CLEC3B"
"GO:0086009","GO:0086009","membrane repolarization",10,-0.656696999945447,-1.89661837019442,0.00358169856997534,0.0485987335377046,0.0392298873298985,121,"tags=70%, list=8%, signal=65%","ATP1A1/ATP1B2/FLNA/KCNJ8/ATP1B3/CAV1/KCNE4"
"GO:1904063","GO:1904063","negative regulation of cation transmembrane transport",12,-0.631994914997731,-1.97158047066055,0.00360910236952607,0.0486525747995852,0.0392733490928606,111,"tags=50%, list=8%, signal=47%","PLN/CALM2/ADRA2A/CAV1/KCNE4/RRAD"
"GO:0030048","GO:0030048","actin filament-based movement",28,-0.474215605392195,-1.92458922723781,0.00369071637413735,0.0491367870574864,0.039664215087475,260,"tags=50%, list=18%, signal=42%","MYL6/ROCK1/PLN/GJC1/ACTN4/FLNA/MYO1B/MYH9/KCNJ8/ABCC9/CAV1/KCNE4/TPM1/ACTA2"
"GO:0030307","GO:0030307","positive regulation of cell growth",16,0.628257342014396,1.89176423558381,0.00371602869365383,0.0491367870574864,0.039664215087475,151,"tags=44%, list=10%, signal=40%","SFRP2/CXCL12/CRABP2/SFRP1/FN1/IGF1/MMP14"
"GO:0046849","GO:0046849","bone remodeling",19,0.575473198270197,1.82971581055124,0.00371523404745717,0.0491367870574864,0.039664215087475,92,"tags=32%, list=6%, signal=30%","CTHRC1/CTSK/PTN/SFRP1/GJA1/MDK"
